Amount,Transaction Type,Category
50,debit,Rent
23.3,debit,Gas & Fuel
19.03,debit,Groceries
11,debit,Furnishings
32.36,debit,Groceries
3.26,debit,Coffee Shops
8.85,debit,Fast Food
19.99,debit,Electronics & Software
24.82,debit,Food & Dining
14.01,debit,Restaurants
12.18,debit,Restaurants
240,debit,Doctor
3.26,debit,Coffee Shops
17.07,credit,Interest Income
17.07,debit,Finance Charge
17.6,debit,Restaurants
8.8,debit,Groceries
2.13,debit,Coffee Shops
11.18,debit,Restaurants
10000,credit,Hide from Budgets & Trends
17.6,debit,Restaurants
10.85,debit,Shipping
10.67,debit,Fast Food
41,debit,Gym
3.26,debit,Coffee Shops
9.51,debit,Groceries
4.36,debit,Restaurants
12.91,debit,Restaurants
64.99,debit,Internet
15.28,debit,Restaurants
19.59,debit,Pharmacy
2.17,debit,Groceries
22.92,debit,Pharmacy
2.13,debit,Coffee Shops
6.03,debit,Coffee Shops
23.25,debit,Gas & Fuel
3.56,debit,Gas & Fuel
4526.93,debit,Credit Card Payment
10.91,debit,Groceries
3.26,debit,Coffee Shops
20,debit,Doctor
20,debit,Web hosting
35.54,debit,Restaurants
4526.93,credit,Credit Card Payment
27.35,debit,Shopping
26.02,debit,Restaurants
9.97,debit,Coffee Shops
29.94,debit,Rental Car & Taxi
3.26,debit,Coffee Shops
38.65,debit,Groceries
8.85,debit,Coffee Shops
64.99,debit,Credit Card Payment
5.13,debit,Restaurants
10.12,debit,Restaurants
81.56,debit,Health & Fitness
7.93,debit,Gift
4.76,debit,Hobbies
17.53,debit,Restaurants
9.92,debit,Fast Food
6.72,debit,Hobbies
17.2,debit,Movies & DVDs
64.99,credit,Credit Card Payment
3.99,debit,Groceries
12.05,debit,Hobbies
25.22,debit,Utilities
3.76,debit,Hobbies
43.67,debit,Mobile Phone
9.32,debit,Groceries
11.94,debit,Hobbies
5500,debit,Investment
6.44,debit,Hobbies
2.1,debit,Coffee Shops
27.21,debit,Groceries
2.1,debit,Coffee Shops
850,debit,Rent
10.9,debit,Restaurants
2.1,debit,Shopping
7.94,debit,Fast Food
115.92,debit,Restaurants
6.59,debit,Coffee Shops
3.26,debit,Coffee Shops
20,debit,Doctor
8.6,debit,Rental Car & Taxi
1568.27,credit,Paycheck
31.05,debit,Restaurants
15.49,debit,Groceries
57.01,debit,Groceries
1.24,credit,Interest Income
50,debit,529
82.67,debit,Utilities
22.25,debit,Gas & Fuel
50,debit,Gift
4.38,debit,Hobbies
34.21,debit,Fast Food
114.25,debit,Groceries
5,debit,Parking
7.49,debit,Electronics & Software
20,debit,Doctor
18.13,debit,Groceries
3.26,debit,Coffee Shops
5.26,debit,Coffee Shops
6.95,credit,Bank Fee
6.95,debit,Bank Fee
8.72,debit,Groceries
3.26,debit,Coffee Shops
263.83,debit,Hotel
9.65,debit,Restaurants
3.26,debit,Coffee Shops
3.53,debit,Finance Charge
3425,credit,Freelance
270.82,credit,Reimbursement
10,credit,Reimbursement
525,credit,Hide from Budgets & Trends
25,debit,Service Fee
12.5,debit,Service Fee
3.26,debit,Coffee Shops
7.96,debit,Pharmacy
10.55,debit,Groceries
10,debit,Pharmacy
14.1,debit,Restaurants
3.26,debit,Coffee Shops
38.2,debit,Groceries
500,debit,Hide from Budgets & Trends
119.39,debit,Shopping
250,debit,Cryptocurrency
21.01,debit,Gas & Fuel
64.99,debit,Internet
3,debit,Parking
20,debit,Doctor
16.37,debit,Service & Parts
3.26,debit,Coffee Shops
4.43,debit,Coffee Shops
1568.26,credit,Paycheck
13.66,debit,Restaurants
4.43,debit,Coffee Shops
3.26,debit,Coffee Shops
14.94,debit,Groceries
12.5,debit,Service Fee
26.61,debit,Restaurants
250,debit,Cryptocurrency
13.66,debit,Restaurants
51,credit,Reimbursement
3.26,debit,Coffee Shops
1892.91,debit,Credit Card Payment
15.29,debit,Restaurants
20,debit,Restaurants
28.47,debit,Restaurants
6.24,debit,Coffee Shops
5,debit,Check
20,debit,Web hosting
9.11,debit,Rental Car & Taxi
10.2,debit,Groceries
9.97,debit,Coffee Shops
36,debit,Service & Parts
8.59,debit,Rental Car & Taxi
10.85,debit,Coffee Shops
4.43,debit,Coffee Shops
1892.91,credit,Credit Card Payment
17.92,debit,Restaurants
4.27,debit,Fast Food
24.75,debit,Restaurants
15.98,debit,Restaurants
2.99,debit,Restaurants
8.26,debit,Rental Car & Taxi
23.69,debit,Rental Car & Taxi
8,debit,Restaurants
3,debit,Restaurants
15.93,debit,Restaurants
13,debit,Restaurants
27.87,debit,Rental Car & Taxi
2.75,debit,Public Transportation
19.26,debit,Fast Food
5.25,debit,Coffee Shops
80,debit,Cash & ATM
3.26,debit,Coffee Shops
13.76,debit,Restaurants
20,debit,Doctor
5,debit,Groceries
74.63,debit,Credit Card Payment
8.16,debit,Groceries
3.26,debit,Coffee Shops
48.52,debit,Gym
3.26,debit,Coffee Shops
18,debit,Restaurants
74.63,credit,Credit Card Payment
43.67,debit,Mobile Phone
9.97,debit,Coffee Shops
51,debit,Travel
15.35,debit,Groceries
13.87,debit,Restaurants
45.31,debit,Hobbies
3.26,debit,Coffee Shops
86.76,debit,Gift
11.25,debit,Groceries
13.37,debit,Fast Food
270.82,debit,Hide from Budgets & Trends
27.24,debit,Restaurants
16.27,debit,Gas & Fuel
13.97,debit,Fast Food
21.99,debit,Utilities
5000,debit,Hide from Budgets & Trends
25.43,debit,Restaurants
20,debit,Doctor
10.97,debit,Coffee Shops
3.26,debit,Coffee Shops
875,debit,Rent
8,debit,Restaurants
6.75,debit,Coffee Shops
17.59,debit,Restaurants
13.73,debit,Restaurants
1568.27,credit,Paycheck
20826.02,credit,Transfer
3.26,debit,Coffee Shops
13.73,debit,Restaurants
20826.02,debit,Transfer
9.82,debit,Groceries
3.06,debit,Coffee Shops
5000,debit,Hide from Budgets & Trends
110,debit,Travel
5000,debit,Cryptocurrency
0.63,debit,Gift
33.81,debit,Gift
95.95,debit,Gift
3.26,debit,Coffee Shops
136.27,debit,Property Tax
43.59,debit,Groceries
103.45,debit,Gift
347.96,debit,Air Travel
297.98,debit,Air Travel
3.53,debit,Furnishings
198.98,debit,Air Travel
6.68,debit,Coffee Shops
6.6,debit,Hobbies
30.32,debit,Shopping
162.68,debit,Home Improvement
13.77,debit,Gas & Fuel
13.16,debit,Gas & Fuel
12.53,debit,Restaurants
1.61,debit,Gas & Fuel
0.19,credit,Interest Income
50,debit,529
80.46,debit,Utilities
9.88,debit,Coffee Shops
22.72,debit,Gas & Fuel
40.06,debit,Restaurants
16.56,debit,Groceries
43.66,debit,Shopping
29.36,debit,Groceries
209.84,debit,Gift
6.95,debit,Bank Fee
6.95,credit,Bank Fee
3.26,debit,Coffee Shops
24.31,debit,Groceries
13.73,debit,Restaurants
3.26,debit,Coffee Shops
15.82,debit,Fast Food
5.53,debit,Groceries
3.26,debit,Coffee Shops
13.98,debit,Business Services
15.26,debit,Shopping
10,debit,Pharmacy
20,debit,Doctor
14.31,debit,Personal Care
22.57,debit,Restaurants
2.93,debit,Coffee Shops
9.97,debit,Coffee Shops
150,debit,Personal Care
3.06,debit,Coffee Shops
22.68,debit,Investments
44,debit,Gym
27.45,debit,Restaurants
64.99,debit,Internet
22.68,credit,Investments
14.33,debit,Coffee Shops
3.26,debit,Coffee Shops
22.78,debit,Groceries
1568.26,credit,Paycheck
17.25,debit,Restaurants
3.06,debit,Coffee Shops
20,debit,Doctor
2538.42,debit,Credit Card Payment
26.07,debit,Restaurants
15.21,debit,Fast Food
6.68,debit,Coffee Shops
2.46,debit,Fast Food
9.21,debit,Groceries
176.11,debit,Clothing
16.37,debit,Pharmacy
2538.42,credit,Credit Card Payment
20,debit,Web hosting
16.07,debit,Gas & Fuel
21.55,debit,Restaurants
4.43,debit,Coffee Shops
17.59,debit,Restaurants
10,debit,Restaurants
2.93,debit,Coffee Shops
20,debit,Doctor
14.12,debit,Restaurants
8.72,debit,Groceries
221.61,debit,Restaurants
18.55,debit,Groceries
12.77,debit,Restaurants
21.06,debit,Groceries
15.33,debit,Restaurants
64.99,debit,Credit Card Payment
7.5,debit,Coffee Shops
70.59,debit,Restaurants
3.06,debit,Coffee Shops
64.99,credit,Credit Card Payment
10.56,debit,Coffee Shops
9.25,debit,Restaurants
3.06,debit,Coffee Shops
19.63,debit,Groceries
43.67,debit,Mobile Phone
20.5,debit,Hair
19.6,debit,Alcohol & Bars
20,debit,Doctor
22.74,debit,Gas & Fuel
25.64,debit,Restaurants
2.93,debit,Coffee Shops
2.93,debit,Coffee Shops
12.86,debit,Restaurants
825,debit,Rent
19.99,debit,Electronics & Software
17.51,debit,Restaurants
35.03,debit,Utilities
430,credit,Freelance
1568.27,credit,Paycheck
0.12,credit,Dividend & Cap Gains
0.12,debit,Investments
48.26,debit,Groceries
25.09,debit,Restaurants
4.85,debit,Fast Food
12.82,debit,Fast Food
17.02,debit,Groceries
11.17,debit,Business Services
11.14,debit,Groceries
4.12,debit,Home Improvement
6.42,debit,Coffee Shops
20,debit,Doctor
30.85,debit,Utilities
9100,credit,Freelance
7.66,debit,Fast Food
12.86,debit,Restaurants
26.17,debit,Restaurants
0.18,credit,Interest Income
6.95,debit,Bank Fee
50,debit,529
6.95,credit,Bank Fee
6.33,debit,Restaurants
6.02,debit,Groceries
41.28,debit,Groceries
13.73,debit,Restaurants
9.89,debit,Restaurants
10,debit,Pharmacy
59.99,debit,Electronics & Software
15.17,debit,Restaurants
46.21,debit,Shopping
41.97,debit,Clothing
8.32,debit,Groceries
1.99,debit,Coffee Shops
24.93,debit,Restaurants
5.7,debit,Coffee Shops
12.7,debit,Restaurants
5.81,debit,Coffee Shops
1,debit,Parking
8.64,debit,Restaurants
29.94,debit,Restaurants
4.58,debit,Auto & Transport
15.75,debit,Restaurants
5.7,debit,Coffee Shops
9.64,debit,Fast Food
6.79,debit,Restaurants
30.54,debit,Groceries
6.99,debit,Fast Food
10.14,debit,Restaurants
19.95,debit,Financial
52.67,debit,Business Services
427.96,debit,Air Travel
5.81,debit,Coffee Shops
1.59,debit,Fast Food
64.99,debit,Internet
20.46,debit,Restaurants
5.25,debit,Restaurants
3.35,debit,Gas & Fuel
14,debit,Restaurants
10.25,debit,Fast Food
11.62,debit,Restaurants
6.56,debit,Coffee Shops
46.07,debit,Restaurants
5,debit,Groceries
1568.26,credit,Paycheck
8.28,debit,Coffee Shops
20,debit,Doctor
3.06,debit,Coffee Shops
2155.94,debit,Credit Card Payment
10.7,debit,Groceries
2155.94,credit,Credit Card Payment
20,debit,Web hosting
3.06,debit,Coffee Shops
9.94,debit,Groceries
3.06,debit,Coffee Shops
17.51,debit,Restaurants
21.41,debit,Gas & Fuel
2.72,debit,Coffee Shops
11.07,debit,Coffee Shops
7.79,debit,Coffee Shops
19.91,debit,Groceries
82.65,debit,Gym
7.79,debit,Coffee Shops
29.55,debit,Groceries
3.06,debit,Coffee Shops
9.83,debit,Home
22.93,debit,Gifts & Donations
7,debit,Gifts & Donations
6.36,debit,Coffee Shops
19.13,debit,Groceries
10,debit,Gifts & Donations
4.37,debit,Coffee Shops
48.83,debit,Gifts & Donations
29.5,debit,Movies & DVDs
20,debit,Doctor
13.45,debit,Restaurants
64.99,debit,Credit Card Payment
7.48,debit,Home Improvement
3.06,debit,Coffee Shops
43.47,debit,Mobile Phone
27.5,debit,Restaurants
64.99,credit,Credit Card Payment
25.24,debit,Restaurants
3.06,debit,Coffee Shops
11.79,debit,Restaurants
3.06,debit,Coffee Shops
5.59,debit,Coffee Shops
16.33,debit,Restaurants
58.29,debit,Utilities
850,debit,Rent
14.02,debit,Restaurants
7.79,debit,Coffee Shops
3.06,debit,Coffee Shops
26.57,debit,Groceries
16.64,debit,Restaurants
14.39,debit,Food & Dining
8.69,debit,Shopping
3.06,debit,Coffee Shops
2.7,debit,Coffee Shops
19.03,debit,Groceries
2.92,debit,Coffee Shops
17.22,debit,Restaurants
20,debit,Doctor
29.9,debit,Utilities
1568.27,credit,Paycheck
0.12,debit,Investments
0.12,credit,Dividend & Cap Gains
6.07,debit,Groceries
10,debit,Pharmacy
9.99,debit,Music
17.51,debit,Restaurants
359,debit,Auto Insurance
33.14,debit,Restaurants
3.06,debit,Coffee Shops
0.21,credit,Interest Income
30.08,debit,Restaurants
3.06,debit,Coffee Shops
3.06,debit,Coffee Shops
10800,credit,Freelance
50,debit,529
5.63,debit,Gas & Fuel
2.81,debit,Gas & Fuel
14.71,debit,Fast Food
15,debit,Alcohol & Bars
15.68,debit,Business Services
3.06,debit,Coffee Shops
19.33,debit,Gas & Fuel
15.97,debit,Fast Food
17.85,debit,Shopping
2.92,debit,Coffee Shops
20,debit,Doctor
6.95,debit,Bank Fee
6.95,credit,Bank Fee
50,credit,Investments
5.78,debit,Coffee Shops
59.99,debit,Electronics & Software
325.07,debit,Electronics & Software
12.59,debit,Groceries
54.03,debit,Investments
54.03,credit,Dividend & Cap Gains
11,debit,Groceries
3.06,debit,Coffee Shops
5.78,debit,Coffee Shops
1,debit,Parking
8.81,debit,Coffee Shops
33.77,debit,Groceries
5.78,debit,Coffee Shops
37.5,debit,Personal Care
2.8,credit,Dividend & Cap Gains
2.8,debit,Investments
2.92,debit,Coffee Shops
13.57,debit,Restaurants
7.26,debit,Coffee Shops
4.25,debit,Groceries
9.94,debit,Groceries
19.39,debit,Restaurants
6.33,debit,Coffee Shops
20,debit,Doctor
23.14,debit,Restaurants
15.22,debit,Restaurants
64.99,debit,Internet
3.99,debit,Hobbies
4.69,debit,Hobbies
2.84,debit,Hobbies
2.82,debit,Hobbies
12.83,debit,Hobbies
3.06,debit,Coffee Shops
0.99,debit,Hobbies
1568.26,credit,Paycheck
23,debit,Alcohol & Bars
43.95,debit,Furnishings
39.49,debit,Restaurants
3.56,credit,Shopping
5.48,debit,Groceries
11.64,debit,Groceries
1743.78,debit,Credit Card Payment
1743.78,credit,Credit Card Payment
5.87,debit,Coffee Shops
20,debit,Web hosting
27.5,debit,Restaurants
42.46,debit,Groceries
5.13,debit,Restaurants
507.96,debit,Air Travel
11.1,debit,Restaurants
35.21,debit,Restaurants
2.1,debit,Coffee Shops
22.84,debit,Fast Food
15,debit,Alcohol & Bars
18,debit,Personal Care
19.91,debit,Groceries
100,debit,Shopping
9.12,debit,Restaurants
64.99,debit,Credit Card Payment
1.29,debit,Groceries
43.47,debit,Mobile Phone
1.99,debit,Coffee Shops
5.7,debit,Coffee Shops
52.7,debit,Business Services
64.99,credit,Credit Card Payment
850,debit,Rent
4.13,debit,Gas & Fuel
16.61,debit,Gas & Fuel
26.57,debit,Groceries
20,debit,Gas & Fuel
7.25,debit,Restaurants
11.94,debit,Food & Dining
5.53,debit,Groceries
6,debit,Alcohol & Bars
8.04,debit,Groceries
1.07,debit,Fast Food
6.33,debit,Coffee Shops
5,debit,Groceries
12.8,debit,Groceries
11.96,debit,Restaurants
20,debit,Doctor
7.58,debit,Newspapers & Magazines
16,debit,Investments
16,credit,Dividend & Cap Gains
9.96,credit,Dividend & Cap Gains
9.96,debit,Investments
13.05,debit,Restaurants
14.66,debit,Restaurants
25.75,debit,Gas & Fuel
3.06,debit,Coffee Shops
106.2,debit,Utilities
1568.27,credit,Paycheck
0.1,credit,Dividend & Cap Gains
0.1,debit,Investments
25.35,debit,Restaurants
3.06,debit,Coffee Shops
3.06,debit,Coffee Shops
41.57,debit,Investments
41.57,credit,Dividend & Cap Gains
30.39,debit,Groceries
17.51,debit,Restaurants
7.79,debit,Coffee Shops
6.33,debit,Coffee Shops
15.22,debit,Restaurants
26.04,debit,Groceries
30.85,debit,Utilities
80,debit,Cash & ATM
6.33,debit,Coffee Shops
1.8,debit,Groceries
3.41,debit,Coffee Shops
12.63,debit,Groceries
32.02,debit,Restaurants
8.87,debit,Coffee Shops
10.79,debit,Restaurants
20,debit,Doctor
2.92,debit,Coffee Shops
7,debit,Restaurants
2.92,debit,Coffee Shops
3.06,debit,Coffee Shops
0.17,credit,Interest Income
50,debit,529
10,debit,Pharmacy
2.92,debit,Coffee Shops
50,credit,Investments
12280.35,debit,Investments
12280.35,credit,Investments
16.47,debit,Restaurants
3.03,debit,Fast Food
6.95,credit,Bank Fee
6.95,debit,Bank Fee
59.79,debit,Groceries
23.39,debit,Gas & Fuel
9.92,debit,Coffee Shops
196,debit,Shopping
21.28,debit,Fast Food
36.16,debit,Groceries
12.93,debit,Shopping
20,debit,Doctor
6.33,debit,Coffee Shops
8.95,debit,Groceries
11.96,debit,Restaurants
128.7,credit,Income
11.94,debit,Movies & DVDs
3.06,debit,Coffee Shops
8,debit,Restaurants
11.96,debit,Restaurants
16.57,debit,Restaurants
3.06,debit,Coffee Shops
372,credit,Freelance
22.26,debit,Investments
3.06,debit,Coffee Shops
3.06,debit,Coffee Shops
15.22,debit,Restaurants
64.99,debit,Internet
22.26,credit,Investments
7.79,debit,Coffee Shops
20,debit,Doctor
2.92,debit,Coffee Shops
15.09,debit,Restaurants
1.79,debit,Coffee Shops
1768.88,debit,Credit Card Payment
1568.26,credit,Paycheck
3.06,debit,Coffee Shops
7.79,debit,Coffee Shops
9.9,debit,Groceries
35.34,debit,Groceries
3.18,debit,Groceries
16.88,debit,Air Travel
11.24,debit,Groceries
1.93,debit,Coffee Shops
20,debit,Web hosting
98,debit,Doctor
1768.88,credit,Credit Card Payment
4.73,debit,Coffee Shops
1.93,debit,Coffee Shops
4.73,debit,Coffee Shops
391.96,debit,Air Travel
3.06,debit,Coffee Shops
0.01,credit,Income
3.06,debit,Coffee Shops
10.44,debit,Coffee Shops
63,credit,Income
5.05,debit,Groceries
3.06,debit,Coffee Shops
64.99,debit,Credit Card Payment
5.34,debit,Rental Car & Taxi
20.4,debit,Rental Car & Taxi
3.33,debit,Fast Food
30.82,debit,Groceries
4,debit,Groceries
12.14,debit,Fast Food
43.47,debit,Mobile Phone
14.15,debit,Rental Car & Taxi
8.41,debit,Groceries
10.75,debit,Fast Food
85.96,debit,Movies & DVDs
46.31,debit,Restaurants
7.56,debit,Rental Car & Taxi
64.99,credit,Credit Card Payment
3.75,debit,Public Transportation
7.39,debit,Rental Car & Taxi
18.94,debit,Rental Car & Taxi
13.19,debit,Rental Car & Taxi
62.66,debit,Rental Car & Taxi
26.52,debit,Rental Car & Taxi
12.08,debit,Groceries
8.27,debit,Rental Car & Taxi
8.99,debit,Groceries
2.38,debit,Parking
5.06,debit,Shopping
6.33,debit,Restaurants
8.5,debit,Restaurants
7.5,debit,Restaurants
10.73,debit,Electronics & Software
2.38,debit,Parking
124.3,debit,Utilities
8.5,debit,Restaurants
7,debit,Restaurants
4,debit,Groceries
850,debit,Rent
6.02,debit,Coffee Shops
5.32,debit,Gas & Fuel
1.99,debit,Coffee Shops
89,debit,Fees & Charges
1568.27,credit,Paycheck
0.08,credit,Dividend & Cap Gains
0.08,debit,Investments
3.11,debit,Gas & Fuel
6.03,debit,Coffee Shops
2.99,debit,Groceries
2.19,debit,Gas & Fuel
3.63,debit,Fast Food
3.06,debit,Coffee Shops
2.5,debit,Groceries
26.49,debit,Restaurants
17.51,debit,Restaurants
8.42,debit,Groceries
2.92,debit,Coffee Shops
31.76,debit,Utilities
11.1,debit,Restaurants
39.41,debit,Shopping
3.06,debit,Coffee Shops
10,debit,Pharmacy
2.63,debit,Coffee Shops
0.21,credit,Interest Income
4.13,debit,Coffee Shops
5.69,debit,Coffee Shops
72,debit,Hobbies
5.85,debit,Coffee Shops
12.58,debit,Groceries
3.06,debit,Coffee Shops
11.02,debit,Coffee Shops
4.73,debit,Coffee Shops
6.95,credit,Bank Fee
50,debit,529
6.95,debit,Bank Fee
14.57,debit,Coffee Shops
23.62,debit,Movies & DVDs
10.53,debit,Groceries
2.92,debit,Coffee Shops
3.06,debit,Coffee Shops
2.92,debit,Coffee Shops
20,debit,Doctor
50,credit,Investments
21.56,debit,Gas & Fuel
4.73,debit,Coffee Shops
3.06,debit,Coffee Shops
6.56,debit,Coffee Shops
2.92,debit,Coffee Shops
28.12,debit,Groceries
2.92,debit,Coffee Shops
63.06,debit,Shopping
958,credit,Income
2.92,debit,Coffee Shops
100,debit,Cash & ATM
13.03,debit,Groceries
29.81,debit,Restaurants
64.99,debit,Internet
34.95,debit,Amusement
3.31,debit,Gym
40.38,debit,Groceries
7.33,debit,Coffee Shops
2.92,debit,Coffee Shops
6.33,debit,Coffee Shops
50.73,debit,Hair
10,debit,Alcohol & Bars
2.92,debit,Coffee Shops
11,debit,Restaurants
9.96,debit,Fast Food
1568.26,credit,Paycheck
2,debit,Parking
2.92,debit,Coffee Shops
2.92,debit,Coffee Shops
20,debit,Doctor
3.06,debit,Coffee Shops
20,debit,Web hosting
2.92,debit,Coffee Shops
1849.58,debit,Credit Card Payment
1849.58,credit,Credit Card Payment
14.45,debit,Groceries
4.62,debit,Coffee Shops
3.06,debit,Coffee Shops
2.92,debit,Coffee Shops
44.18,debit,Groceries
120,credit,Income
32.54,debit,Home Improvement
19.05,debit,Groceries
6,debit,Coffee Shops
13.62,debit,Shopping
2.18,debit,Restaurants
7.33,debit,Coffee Shops
15.15,debit,Restaurants
2.92,debit,Coffee Shops
20,debit,Doctor
6.39,debit,Fast Food
10.79,debit,Restaurants
43.47,debit,Mobile Phone
3000,debit,Cryptocurrency
10.8,debit,Groceries
3.06,debit,Coffee Shops
6.33,debit,Coffee Shops
850,debit,Rent
64.99,debit,Credit Card Payment
0.04,credit,Income
0.15,credit,Income
5.88,debit,Coffee Shops
32.39,debit,Shopping
64.99,credit,Credit Card Payment
6.33,debit,Coffee Shops
16.88,debit,Groceries
225.8,debit,Air Travel
109.57,debit,Gym
34.86,debit,Air Travel
6.33,debit,Coffee Shops
15.02,debit,Groceries
10.92,debit,Coffee Shops
191.17,debit,Shopping
330,credit,Freelance
78.17,debit,Utilities
2.92,debit,Coffee Shops
9.97,debit,Groceries
2.92,debit,Coffee Shops
10.92,debit,Groceries
2.92,debit,Coffee Shops
7.49,debit,Entertainment
10,debit,Pharmacy
26.97,debit,Fast Food
20,debit,Doctor
2.92,debit,Coffee Shops
6.56,debit,Coffee Shops
1568.27,credit,Paycheck
0.07,credit,Dividend & Cap Gains
0.07,debit,Investments
15.22,debit,Restaurants
9.77,debit,Groceries
3.92,debit,Coffee Shops
5.49,debit,Business Services
30.6,debit,Utilities
10.04,debit,Groceries
2.92,debit,Coffee Shops
2.41,debit,Groceries
18.64,debit,Gas & Fuel
20,debit,Doctor
2.84,debit,Coffee Shops
49.98,debit,Groceries
15.18,debit,Restaurants
5.9,debit,Coffee Shops
30.73,debit,Restaurants
106.15,debit,Shopping
12,debit,Restaurants
7.52,debit,Coffee Shops
25.33,debit,Rental Car & Taxi
13.58,debit,Fast Food
9.11,debit,Alcohol & Bars
0.19,credit,Interest Income
50,debit,529
39.89,debit,Restaurants
3.45,debit,Coffee Shops
6.09,debit,Restaurants
1.5,debit,Parking
11.4,debit,Restaurants
2.9,debit,Restaurants
8.41,debit,Gas & Fuel
50,credit,Investments
22.06,debit,Rental Car & Taxi
5.12,debit,Restaurants
6.95,debit,Bank Fee
6.95,credit,Bank Fee
35.95,debit,Groceries
5.63,debit,Restaurants
8.64,debit,Restaurants
11.79,debit,Restaurants
53.21,debit,Investments
53.21,credit,Dividend & Cap Gains
33.12,debit,Personal Care
5.79,debit,Coffee Shops
7.08,debit,Coffee Shops
10.03,debit,Coffee Shops
16.51,debit,Groceries
2.63,debit,Coffee Shops
9.65,debit,Uncategorized
2.95,debit,Restaurants
3.7,debit,Coffee Shops
27.74,debit,Restaurants
5.85,debit,Coffee Shops
42.83,debit,Restaurants
6,debit,Coffee Shops
2.94,debit,Gas & Fuel
64.99,debit,Internet
7.79,debit,Coffee Shops
8.72,debit,Coffee Shops
3.06,debit,Coffee Shops
0.01,credit,Income
1568.26,credit,Paycheck
2.8,debit,Investments
2.8,credit,Dividend & Cap Gains
2.92,debit,Coffee Shops
8.72,debit,Coffee Shops
15.24,debit,Restaurants
6.33,debit,Coffee Shops
2.92,debit,Coffee Shops
8.16,debit,Coffee Shops
1610.08,debit,Credit Card Payment
16.57,debit,Food & Dining
1610.08,credit,Credit Card Payment
20,debit,Web hosting
16.27,debit,Groceries
15.99,debit,Entertainment
17.68,debit,Restaurants
41.26,debit,Restaurants
20,debit,Doctor
2.92,debit,Coffee Shops
2.92,debit,Coffee Shops
17.1,debit,Groceries
17.51,debit,Restaurants
2.92,debit,Coffee Shops
45.35,debit,Restaurants
9.92,debit,Coffee Shops
2.92,debit,Coffee Shops
43.47,debit,Mobile Phone
2.92,debit,Coffee Shops
64.99,debit,Credit Card Payment
5.79,debit,Groceries
10.92,debit,Coffee Shops
30,debit,Pharmacy
64.99,credit,Credit Card Payment
6.33,debit,Coffee Shops
6,debit,Movies & DVDs
23.98,debit,Restaurants
55.88,debit,Groceries
127.53,debit,Restaurants
5.88,debit,Coffee Shops
233.19,debit,Alcohol & Bars
19.29,debit,Gas & Fuel
15.37,debit,Restaurants
3.06,debit,Coffee Shops
9.92,debit,Coffee Shops
3.06,debit,Coffee Shops
30.32,debit,Utilities
850,debit,Rent
407,debit,Air Travel
5.88,debit,Coffee Shops
12.83,debit,Restaurants
1.25,debit,Parking
20,debit,Doctor
14.07,debit,Fast Food
41.35,credit,Dividend & Cap Gains
9.63,debit,Investments
16,debit,Investments
16,credit,Dividend & Cap Gains
9.63,credit,Dividend & Cap Gains
41.35,debit,Investments
7.14,debit,Coffee Shops
5.84,debit,Coffee Shops
1568.27,credit,Paycheck
0.05,credit,Dividend & Cap Gains
0.05,debit,Investments
19.67,debit,Groceries
12.02,debit,Coffee Shops
1.25,debit,Coffee Shops
14.08,debit,Restaurants
5.4,debit,Coffee Shops
7,debit,Fast Food
10.97,debit,Restaurants
3.41,debit,Coffee Shops
17.13,debit,Alcohol & Bars
41.36,debit,Shopping
35.07,debit,Utilities
1.55,debit,Parking
22.98,debit,Sporting Goods
18.8,debit,Shopping
6.39,debit,Restaurants
20,debit,Doctor
0.17,credit,Interest Income
50,debit,529
15.17,debit,Business Services
50,credit,Investments
3.41,debit,Coffee Shops
39.72,debit,Groceries
14.68,debit,Gas & Fuel
17.13,debit,Sporting Goods
9.47,debit,Fast Food
2.57,debit,Coffee Shops
6.95,credit,Bank Fee
6.95,debit,Bank Fee
5.51,debit,Fast Food
44.45,debit,Restaurants
3,debit,ATM Fee
100,debit,Cash & ATM
2.5,debit,ATM Fee
2.68,debit,Restaurants
3.19,debit,Restaurants
64.99,debit,Internet
21.09,debit,Investments
126.8,debit,Restaurants
21.09,credit,Investments
9.43,debit,Coffee Shops
54.03,debit,Groceries
14.33,debit,Coffee Shops
29.99,debit,Rental Car & Taxi
1568.26,credit,Paycheck
2029.39,debit,Credit Card Payment
10.92,debit,Coffee Shops
30,debit,Restaurants
20,debit,Web hosting
11.02,debit,Coffee Shops
2029.39,credit,Credit Card Payment
1.6,debit,Hobbies
30,debit,Pharmacy
2.92,debit,Coffee Shops
20,debit,Doctor
43.47,debit,Mobile Phone
3.06,debit,Coffee Shops
9.56,debit,Coffee Shops
64.99,debit,Credit Card Payment
270,credit,Freelance
2.79,debit,Fast Food
35.66,debit,Groceries
1.9,debit,Coffee Shops
2.17,debit,Coffee Shops
11.76,debit,Groceries
25.67,debit,Electronics & Software
2.92,debit,Coffee Shops
41.72,debit,Groceries
2.92,debit,Coffee Shops
64.99,credit,Credit Card Payment
9.92,debit,Coffee Shops
99.2,debit,Restaurants
40,debit,Hair
21.59,debit,Gas & Fuel
2.1,debit,Gas & Fuel
24.14,debit,Coffee Shops
58.83,debit,Restaurants
253.98,debit,Air Travel
24,debit,Utilities
23.4,debit,Groceries
425,debit,Rent
49.72,debit,Groceries
11.02,debit,Coffee Shops
9.92,debit,Coffee Shops
6.76,debit,Coffee Shops
3.06,debit,Coffee Shops
1568.27,credit,Paycheck
0.04,debit,Investments
0.04,credit,Dividend & Cap Gains
12.02,debit,Coffee Shops
11.1,debit,Restaurants
2.61,debit,Coffee Shops
40.82,debit,Utilities
41.03,debit,Restaurants
3.06,debit,Coffee Shops
29.9,debit,Shopping
0.21,credit,Interest Income
4.68,debit,Hobbies
3.06,debit,Coffee Shops
50,debit,529
2.92,debit,Coffee Shops
2.92,debit,Coffee Shops
42.61,debit,Groceries
14.46,debit,Entertainment
19.93,debit,Groceries
14,debit,Personal Care
23.29,debit,Groceries
7.27,debit,Coffee Shops
2.16,debit,Fast Food
18.03,debit,Hobbies
20.85,debit,Gas & Fuel
25.87,debit,Hobbies
22.83,debit,Restaurants
1.67,debit,Restaurants
6.95,debit,Bank Fee
6.95,credit,Bank Fee
50,credit,Investments
9.9,debit,Groceries
7.72,debit,Coffee Shops
5.88,debit,Coffee Shops
9.92,debit,Coffee Shops
14,debit,Alcohol & Bars
2.92,debit,Coffee Shops
19.66,credit,Hobbies
2.96,debit,Coffee Shops
24.59,debit,Restaurants
3.06,debit,Coffee Shops
32.09,credit,Hobbies
10168,debit,Federal Tax
15.26,debit,Groceries
36.08,debit,Groceries
11.02,debit,Coffee Shops
61.5,debit,Shopping
29.35,debit,Restaurants
2.7,debit,Coffee Shops
64.99,debit,Internet
66.4,debit,Entertainment
12,debit,Food & Dining
0.75,debit,Parking
1568.26,credit,Paycheck
31.25,debit,Restaurants
3.06,debit,Coffee Shops
7.79,debit,Coffee Shops
68.05,debit,Hobbies
28.16,debit,Restaurants
19.49,debit,Gas & Fuel
94.75,debit,Hobbies
3.06,debit,Coffee Shops
5.94,debit,Business Services
1678.14,debit,Credit Card Payment
20,debit,Web hosting
21.57,debit,Home Improvement
1678.14,credit,Credit Card Payment
4.27,debit,Groceries
18.31,debit,Groceries
15.31,debit,Restaurants
35.02,debit,Furnishings
2.19,debit,Coffee Shops
3.85,debit,Groceries
3.96,debit,Coffee Shops
43.65,debit,Groceries
147.81,debit,Furnishings
136.83,debit,Clothing
15.57,debit,Alcohol & Bars
43.47,debit,Mobile Phone
3.65,debit,Gas & Fuel
11.59,debit,Fast Food
8,debit,Alcohol & Bars
3.77,debit,Restaurants
36.23,debit,Food & Dining
83.9,debit,Hobbies
425,debit,Rent
35.01,debit,Restaurants
59.99,debit,Credit Card Payment
10.92,debit,Coffee Shops
17.42,debit,Groceries
59.99,credit,Credit Card Payment
1595,debit,State Tax
4.74,debit,Auto & Transport
3.53,debit,Hobbies
75.85,debit,Hobbies
29.92,debit,Utilities
2.44,debit,Groceries
364,debit,Auto Insurance
50,debit,Cash & ATM
2.31,debit,Coffee Shops
53.17,debit,Groceries
15.22,debit,Restaurants
10.86,debit,Coffee Shops
3.41,debit,Coffee Shops
40.1,debit,Restaurants
7.27,debit,Coffee Shops
13.76,debit,Restaurants
1568.27,credit,Paycheck
0.14,credit,Dividend & Cap Gains
0.14,debit,Investments
159,credit,Credit Card Payment
20,debit,Doctor
8.56,debit,Restaurants
82.96,debit,Shopping
65.79,debit,Utilities
13.9,debit,Groceries
2306.48,credit,Freelance
2.17,debit,Coffee Shops
57.29,debit,Groceries
19.4,debit,Gas & Fuel
35.57,debit,Alcohol & Bars
8.19,debit,Restaurants
8.27,debit,Coffee Shops
16.19,debit,Hobbies
2.61,debit,Coffee Shops
6.4,debit,Movies & DVDs
4.33,debit,Movies & DVDs
9.86,debit,Coffee Shops
7.78,debit,Groceries
0.17,credit,Interest Income
50,debit,529
49.2,credit,Dividend & Cap Gains
49.2,debit,Investments
3.06,debit,Coffee Shops
50,credit,Investments
13.07,debit,Restaurants
3.13,debit,Home Improvement
6.95,debit,Bank Fee
6.95,credit,Bank Fee
540,credit,Income
2.04,debit,Coffee Shops
6.33,debit,Coffee Shops
53.18,debit,Groceries
30.44,debit,Restaurants
64.99,debit,Internet
9.86,debit,Coffee Shops
54.13,debit,Restaurants
4.29,debit,Coffee Shops
13.45,debit,Hobbies
11.96,debit,Coffee Shops
30,debit,Hair
18.23,debit,Business Services
1.77,debit,Groceries
11.1,debit,Restaurants
2.7,debit,Coffee Shops
126.98,debit,Taxes
64.83,debit,Groceries
9.86,debit,Coffee Shops
28.46,debit,Groceries
3,debit,Parking
27.25,debit,Utilities
1568.26,credit,Paycheck
20,debit,Doctor
1240.69,debit,Credit Card Payment
1991.2,credit,Investments
5.94,debit,Home Improvement
3.41,debit,Coffee Shops
30.93,debit,Movies & DVDs
9.86,debit,Coffee Shops
1240.69,credit,Credit Card Payment
20,debit,Web hosting
5.11,debit,Coffee Shops
129,debit,Amusement
24,debit,Hobbies
55.87,debit,Hobbies
43.47,debit,Mobile Phone
2000,debit,Investment
2000,credit,Investments
2000,debit,Investments
17,debit,Sports
19.18,debit,Gas & Fuel
59.55,debit,Hobbies
15.03,debit,Groceries
1.82,debit,Parking
10.86,debit,Coffee Shops
54.03,debit,Hair
1991.2,debit,Buy
9.92,debit,Restaurants
59.99,debit,Credit Card Payment
27.48,debit,Groceries
6.33,debit,Coffee Shops
10.86,debit,Coffee Shops
4.79,debit,Home Improvement
59.99,credit,Credit Card Payment
9.16,debit,Rental Car & Taxi
9.78,debit,Shopping
2.92,debit,Coffee Shops
16.5,debit,Restaurants
78.01,debit,Restaurants
6.33,debit,Coffee Shops
11.55,debit,Groceries
32.71,debit,Restaurants
1.5,debit,Parking
36.04,debit,Restaurants
17.62,debit,Hobbies
159.2,credit,Credit Card Payment
13.7,debit,Hobbies
29.2,debit,Groceries
55.24,debit,Service & Parts
425,debit,Rent
9.57,debit,Investments
9.57,credit,Dividend & Cap Gains
70.65,debit,Restaurants
10.96,debit,Coffee Shops
8.89,debit,Rental Car & Taxi
1568.27,credit,Paycheck
0.31,credit,Dividend & Cap Gains
0.31,debit,Investments
64.17,debit,Groceries
29,debit,Hobbies
5393.49,credit,Investments
1.62,debit,Home Improvement
13.07,debit,Restaurants
6.14,debit,Restaurants
16.27,debit,Food & Dining
11.34,debit,Coffee Shops
11.42,debit,Food & Dining
0.18,credit,Interest Income
74.27,debit,Utilities
5445.88,debit,Investments
16,credit,Dividend & Cap Gains
9.9,debit,Groceries
50,debit,529
9.24,debit,Investments
9.24,credit,Dividend & Cap Gains
10.29,debit,Groceries
6.95,debit,Bank Fee
6.95,credit,Bank Fee
50,credit,Investments
1093.75,credit,Investments
5393.49,debit,Buy
222,debit,Clothing
2.92,debit,Coffee Shops
6.33,debit,Coffee Shops
5429.88,credit,Sell
9.76,debit,Home Improvement
31.35,debit,Groceries
4.33,credit,Home Improvement
2.92,debit,Coffee Shops
2.92,debit,Coffee Shops
10.57,debit,Fast Food
4.33,debit,Home Improvement
2.92,debit,Coffee Shops
54.89,debit,Business Services
1000,debit,Investment
1000,debit,Investments
1000,credit,Investments
9.86,debit,Coffee Shops
1093.75,debit,Buy
21.37,debit,Investments
59.99,debit,Internet
21.37,credit,Investments
21.92,debit,Gas & Fuel
9.9,debit,Groceries
1.63,debit,Gas & Fuel
1568.26,credit,Paycheck
8.82,debit,Home Improvement
7.99,debit,Home Improvement
1.83,debit,Home Improvement
19.99,debit,Entertainment
818.04,debit,Credit Card Payment
80,debit,Cash & ATM
40.99,debit,Groceries
2.86,debit,Food & Dining
31.75,debit,Entertainment
26.02,debit,Lawn & Garden
7.32,debit,Home Improvement
818.04,credit,Credit Card Payment
4.35,debit,Business Services
24.64,debit,Alcohol & Bars
8.48,debit,Food & Dining
20,debit,Web hosting
5.35,debit,Business Services
3.06,debit,Restaurants
48.91,debit,Shopping
10.86,debit,Business Services
8.04,debit,Shopping
24.97,debit,Shopping
35.05,debit,Gift
18.3,debit,Shopping
2.92,debit,Coffee Shops
13.6,debit,Groceries
1.28,debit,Home Improvement
10.86,debit,Coffee Shops
43.47,debit,Mobile Phone
27.01,debit,Groceries
3000,debit,529
81.99,debit,Hobbies
437.76,debit,Credit Card Payment
325,credit,Freelance
3000,credit,Investments
2.92,debit,Coffee Shops
28.29,debit,Food & Dining
42.15,debit,Groceries
18.66,debit,Home Improvement
6.4,credit,Home Improvement
437.76,credit,Credit Card Payment
11.96,debit,Coffee Shops
3.41,debit,Coffee Shops
25.84,debit,Restaurants
39.35,debit,Home Improvement
10.86,debit,Coffee Shops
31.4,debit,Utilities
12,debit,Electronics & Software
11.57,debit,Groceries
13.67,debit,Groceries
1587.03,credit,Paycheck
0.03,debit,Investments
0.03,credit,Dividend & Cap Gains
9.77,debit,Groceries
11.96,debit,Coffee Shops
25.16,debit,Groceries
33.4,debit,Restaurants
13.98,debit,Restaurants
46.1,debit,Restaurants
6.42,debit,Coffee Shops
14.43,debit,Restaurants
8.72,debit,Coffee Shops
22,debit,Business Services
93,debit,Utilities
10.86,debit,Coffee Shops
7.8,debit,Newspapers & Magazines
2.5,debit,Groceries
0.21,credit,Interest Income
29,debit,Eyecare
2.5,debit,Parking
9.73,debit,Groceries
5.01,credit,Shopping
6.95,debit,Bank Fee
6.95,credit,Bank Fee
13.37,debit,Shopping
2.92,debit,Coffee Shops
1.95,debit,Coffee Shops
37.62,debit,Groceries
9.77,debit,Groceries
2.92,debit,Coffee Shops
15.59,debit,Restaurants
21.92,debit,Pet Food & Supplies
4.33,credit,Home Improvement
1.62,debit,Gas & Fuel
7.67,debit,Groceries
6.54,debit,Groceries
21.82,debit,Gas & Fuel
4.98,debit,Uncategorized
25.34,debit,Restaurants
11.95,debit,Uncategorized
11.42,debit,Food & Dining
5.85,debit,Business Services
1.73,debit,Groceries
13.9,debit,Restaurants
51.9,debit,Hobbies
15.05,debit,Home Improvement
4.96,credit,Home Improvement
5.66,debit,Home Improvement
5.84,credit,Home Improvement
3.8,debit,Coffee Shops
10.23,debit,Home Improvement
8.67,debit,Furnishings
30.34,debit,Business Services
20,debit,Pharmacy
59.99,debit,Internet
6,debit,Coffee Shops
1568.26,credit,Paycheck
20,debit,Pharmacy
70.21,debit,Groceries
2319.93,debit,Credit Card Payment
20,debit,Web hosting
2319.93,credit,Credit Card Payment
6.61,debit,Hobbies
0.96,debit,Hobbies
2.17,debit,Movies & DVDs
7.22,debit,Pharmacy
43.47,debit,Mobile Phone
11.68,debit,Restaurants
25.52,debit,Groceries
19.53,debit,Alcohol & Bars
1.73,debit,Pharmacy
13.57,debit,Home Improvement
59.99,debit,Credit Card Payment
40,debit,Personal Care
59.99,credit,Credit Card Payment
29.36,debit,Utilities
20,debit,Doctor
9.8,debit,Restaurants
5500,debit,Investment
5500,credit,Deposit
850,debit,Rent
5500,debit,Buy
41.07,debit,Groceries
5.42,debit,Furnishings
8.7,debit,Rental Car & Taxi
159.2,debit,Education
3.33,debit,Fast Food
14.97,debit,Restaurants
4.5,debit,Parking
45.61,debit,Groceries
5.55,debit,Restaurants
1.13,debit,Parking
13.75,debit,Food & Dining
2764.71,credit,Paycheck
1490.45,credit,Paycheck
0.03,credit,Dividend & Cap Gains
0.03,debit,Investments
60.23,debit,Food & Dining
103.48,debit,Groceries
18.9,debit,Groceries
31.67,debit,Shopping
28.57,debit,Restaurants
5.99,debit,Travel
4.06,debit,Newspapers & Magazines
2.5,debit,Groceries
1168,credit,Income
60,debit,Cash Withdrawel
96.91,debit,Utilities
10.16,debit,Restaurants
0.17,credit,Interest Income
11.33,debit,Restaurants
15.25,debit,Restaurants
6.95,debit,Bank Fee
6.95,credit,Bank Fee
15.95,debit,Restaurants
12.99,debit,Shopping
13.6,debit,Groceries
11.96,debit,Coffee Shops
31.35,debit,Groceries
34.03,debit,Investments
34.03,credit,Dividend & Cap Gains
3,debit,Restaurants
9.67,debit,Coffee Shops
25.52,debit,Groceries
8.16,debit,Restaurants
15.83,debit,Shopping
2.14,debit,Shopping
4.35,debit,Coffee Shops
12,debit,Restaurants
59.99,debit,Internet
526,debit,Hotel
1490.45,credit,Paycheck
2.92,debit,Coffee Shops
24.62,debit,Groceries
11.96,debit,Coffee Shops
1560.17,debit,Credit Card Payment
20,debit,Web hosting
1.63,debit,Gas & Fuel
16.78,debit,Gas & Fuel
1560.17,credit,Credit Card Payment
11.68,debit,Restaurants
1.59,debit,Entertainment
114.09,debit,Restaurants
8.27,debit,Coffee Shops
10.86,debit,Coffee Shops
45.01,debit,Home Improvement
9,debit,Hobbies
7,debit,Alcohol & Bars
28.02,debit,Food & Dining
43.47,debit,Mobile Phone
31.1,debit,Shopping
12.12,debit,Alcohol & Bars
2.92,debit,Coffee Shops
18.14,debit,Shopping
425,debit,Rent
10,debit,Doctor
59.99,debit,Credit Card Payment
25,debit,Shopping
9.16,debit,Shopping
11.75,debit,Shopping
59.99,credit,Credit Card Payment
141.27,debit,Furnishings
61.35,debit,Business Services
55.78,debit,Groceries
1.94,debit,Fast Food
10,debit,Pharmacy
3.45,debit,Fast Food
6.51,debit,Fast Food
25.33,debit,Utilities
18.76,debit,Rental Car & Taxi
72.59,debit,Restaurants
10.25,debit,Uncategorized
6.29,debit,Coffee Shops
80,debit,Cash Withdrawel
9.5,debit,Investments
9.5,credit,Dividend & Cap Gains
169.77,debit,Check
1490.44,credit,Paycheck
0.11,credit,Dividend & Cap Gains
0.11,debit,Investments
2.5,debit,Groceries
4.06,debit,Newspapers & Magazines
324.03,debit,Home
22.98,debit,Clothing
6.68,debit,Coffee Shops
213.5,debit,Gift
10,debit,Pharmacy
64.46,debit,Groceries
18.96,debit,Gas & Fuel
2.14,debit,Coffee Shops
6.45,debit,Uncategorized
0.19,credit,Interest Income
46.45,debit,Utilities
16,credit,Dividend & Cap Gains
16,debit,Investments
35.2,debit,Restaurants
2.12,debit,Coffee Shops
2.72,debit,Coffee Shops
23.64,debit,Shopping
16.25,debit,Restaurants
6.95,debit,Bank Fee
6.95,credit,Bank Fee
10,debit,Alcohol & Bars
10.86,debit,Coffee Shops
3.06,debit,Coffee Shops
10.86,debit,Coffee Shops
8.98,debit,Entertainment
21.33,debit,Clothing
9,debit,Hobbies
38.92,debit,Restaurants
2.92,debit,Coffee Shops
10.86,debit,Coffee Shops
20,debit,Doctor
21.09,debit,Investments
10.86,debit,Coffee Shops
59.99,debit,Internet
21.09,credit,Investments
34.05,debit,Groceries
10.7,debit,Uncategorized
9.86,debit,Coffee Shops
61.82,debit,Hobbies
1345.6,debit,Credit Card Payment
1490.45,credit,Paycheck
2.92,debit,Coffee Shops
10.96,debit,Coffee Shops
1345.6,credit,Credit Card Payment
20,debit,Web hosting
3.06,debit,Coffee Shops
35.02,debit,Restaurants
3.06,debit,Coffee Shops
49.74,debit,Hair
32.65,debit,Restaurants
425,debit,Rent
35,debit,Restaurants
5.67,debit,Coffee Shops
1404.48,credit,Investments
43.47,debit,Mobile Phone
20.45,debit,Gas & Fuel
3.06,debit,Coffee Shops
11.96,debit,Coffee Shops
34.1,debit,Groceries
59.99,debit,Credit Card Payment
18.72,debit,Pets
5.94,debit,Furnishings
8.71,debit,Restaurants
19.3,debit,Restaurants
59.99,credit,Credit Card Payment
8.6,debit,Restaurants
40,debit,Restaurants
8,debit,Uncategorized
10,debit,Pharmacy
0.01,debit,Investments
1404.48,debit,Buy
487.2,debit,Air Travel
21.39,debit,Hobbies
0.01,credit,Investments
9.86,debit,Coffee Shops
19.33,debit,Groceries
32.14,debit,Utilities
4,debit,ATM Fee
60,debit,Cash & ATM
2.5,debit,ATM Fee
1490.45,credit,Paycheck
1450.45,debit,Investments
0.01,credit,Dividend & Cap Gains
0.01,debit,Investments
2.92,debit,Coffee Shops
6.72,debit,Coffee Shops
22.47,debit,Groceries
15.92,debit,Restaurants
33.39,debit,Business Services
59.15,debit,Pet Food & Supplies
20.26,debit,Business Services
14,debit,Entertainment
12,debit,Restaurants
1450.45,credit,Investments
0,debit,Investments
0,debit,Investments
0,debit,Investments
0,debit,Investments
0,debit,Investments
9.86,debit,Coffee Shops
3.42,credit,Electronics & Software
19.3,debit,Groceries
30.25,debit,Utilities
0.19,credit,Interest Income
1.75,debit,Parking
10.96,debit,Coffee Shops
2.11,credit,Groceries
35.86,debit,Groceries
6.95,credit,Bank Fee
6.95,debit,Bank Fee
29.33,debit,Business Services
2.39,debit,Shopping
2.14,debit,Shopping
44.19,debit,Groceries
3.5,debit,Restaurants
5.62,debit,Coffee Shops
23.87,debit,Shopping
2.87,debit,Coffee Shops
8.63,debit,Coffee Shops
11.42,debit,Groceries
11.96,debit,Coffee Shops
13.85,debit,Groceries
25.91,debit,Restaurants
2.87,debit,Coffee Shops
2.48,debit,Home Improvement
2.92,debit,Coffee Shops
22.34,debit,Gas & Fuel
49.35,debit,Groceries
59.99,debit,Internet
41.36,debit,Restaurants
40.55,debit,Restaurants
5.33,debit,Coffee Shops
2.75,debit,Restaurants
23.74,debit,Restaurants
1490.45,credit,Paycheck
0.72,debit,Parking
1598.32,debit,Credit Card Payment
352,debit,Auto Insurance
1598.32,credit,Credit Card Payment
22.14,debit,Web hosting
60,debit,Cash & ATM
425,debit,Rent
21.75,debit,Hobbies
99.59,debit,Hobbies
10,debit,Pharmacy
54.69,debit,Groceries
43.47,debit,Mobile Phone
19.47,debit,Groceries
39.72,debit,Restaurants
27.07,debit,Restaurants
9,debit,Hobbies
11.72,debit,Shopping
15,debit,Parking
9.86,debit,Coffee Shops
17.89,debit,Shopping
20.76,debit,Groceries
59.99,debit,Credit Card Payment
4,debit,Hobbies
9.99,debit,Service & Parts
9.45,debit,Hobbies
6.87,debit,Hobbies
11.1,debit,Restaurants
20.65,debit,Hobbies
3.9,debit,Hobbies
1.25,debit,Parking
59.99,credit,Credit Card Payment
9.86,debit,Coffee Shops
10,debit,Doctor
36,debit,Personal Care
11.96,debit,Coffee Shops
77.31,debit,Utilities
54.31,debit,Clothing
2.45,debit,Restaurants
26.58,debit,Restaurants
30.15,debit,Home Improvement
19.52,debit,Gas & Fuel
34.32,debit,Groceries
1490.44,credit,Paycheck
16.75,debit,Alcohol & Bars
29.45,debit,Utilities
27.5,debit,Restaurants
7.99,debit,Hobbies
0.21,credit,Interest Income
34.15,debit,Groceries
12.19,debit,Restaurants
6.8,debit,Coffee Shops
5.54,debit,Restaurants
3.42,debit,Hobbies
7.23,debit,Restaurants
6.83,debit,Movies & DVDs
9.2,debit,Groceries
6.61,debit,Movies & DVDs
2.87,debit,Coffee Shops
5.26,debit,Coffee Shops
6.95,credit,Bank Fee
6.95,debit,Bank Fee
8.99,debit,Hobbies
5.62,debit,Coffee Shops
13.05,debit,Groceries
105.3,credit,Clothing
5011,credit,Freelance
59.3,debit,Groceries
13.39,debit,Coffee Shops
59.99,debit,Internet
2.5,debit,ATM Fee
6.36,debit,ATM Fee
212.14,debit,Cash & ATM
1490.45,credit,Paycheck
5.62,debit,Coffee Shops
2.87,debit,Coffee Shops
14.81,debit,Groceries
1564.74,debit,Credit Card Payment
119.43,credit,Income
25.21,credit,Dividend & Cap Gains
25.21,debit,Investments
1564.74,credit,Credit Card Payment
3.45,debit,Restaurants
4.89,debit,Restaurants
20,debit,Web hosting
5.68,debit,Coffee Shops
8.71,debit,Gas & Fuel
64.21,debit,Groceries
2.92,debit,Coffee Shops
43.47,debit,Mobile Phone
14.42,debit,Groceries
105.3,debit,Clothing
318.99,debit,Clothing
17.88,debit,Groceries
2.92,debit,Coffee Shops
11.96,debit,Coffee Shops
17.36,debit,Restaurants
3.25,debit,Coffee Shops
1.5,debit,Parking
59.99,debit,Credit Card Payment
60,debit,Cash & ATM
425,debit,Rent
200,credit,Income
3.25,debit,Coffee Shops
7.27,debit,Coffee Shops
46.32,debit,Groceries
16.01,debit,Gas & Fuel
59.99,credit,Credit Card Payment
2.65,debit,Coffee Shops
9.45,debit,Restaurants
15.41,debit,Rental Car & Taxi
14.32,debit,Restaurants
12.5,debit,Restaurants
1,debit,Coffee Shops
37.4,debit,Restaurants
2.25,debit,Coffee Shops
4.85,debit,Restaurants
8.8,debit,Rental Car & Taxi
16.45,debit,Restaurants
5,debit,Restaurants
6.75,debit,Coffee Shops
16.44,debit,Restaurants
2.25,debit,Coffee Shops
2.25,debit,Coffee Shops
119.68,debit,Utilities
2.25,debit,Coffee Shops
2.25,debit,Coffee Shops
1490.45,credit,Paycheck
9.99,debit,Misc Expenses
26.53,debit,Rental Car & Taxi
7.12,debit,Coffee Shops
58.68,debit,Restaurants
14.24,debit,Entertainment
27.4,debit,Alcohol & Bars
7.95,debit,Groceries
8,debit,Fast Food
16,debit,Movies & DVDs
3.92,debit,Coffee Shops
35.81,debit,Restaurants
30.18,debit,Utilities
0.75,debit,Parking
65.79,debit,Groceries
9.77,debit,Restaurants
3.72,debit,Restaurants
9.77,debit,Groceries
7.5,debit,Fast Food
3.27,debit,Coffee Shops
2.75,debit,Coffee Shops
0.17,credit,Interest Income
16.3,debit,Groceries
51.2,debit,Groceries
36.17,debit,Personal Care
5.33,debit,Coffee Shops
16.97,debit,Groceries
12.17,debit,Business Services
2.14,debit,Shopping
77.24,debit,Restaurants
44.99,debit,Entertainment
5.38,debit,Fast Food
6.56,debit,Coffee Shops
6.95,credit,Bank Fee
6.95,debit,Bank Fee
2.92,debit,Coffee Shops
10.86,debit,Coffee Shops
9.86,debit,Coffee Shops
3.25,debit,Coffee Shops
8.99,debit,Shopping
7.27,debit,Shopping
28.8,debit,Shopping
34.06,debit,Groceries
5600,credit,Freelance
103.96,debit,Hobbies
28,debit,Hobbies
25.16,debit,Business Services
312.7,debit,Air Travel
59.99,debit,Internet
221.84,credit,Income
0.18,debit,Investments
2.92,debit,Coffee Shops
4.35,debit,Coffee Shops
46.07,debit,Groceries
3.25,debit,Coffee Shops
50,debit,Restaurants
1701.5,debit,Credit Card Payment
1490.45,credit,Paycheck
0.18,credit,Dividend & Cap Gains
5500,credit,Investments
9,debit,Restaurants
20,debit,Web hosting
1701.5,credit,Credit Card Payment
5500,debit,Buy
1,debit,Parking
1.25,debit,Parking
2.87,debit,Coffee Shops
43.47,debit,Mobile Phone
2.87,debit,Coffee Shops
0.3,debit,529
2.92,debit,Coffee Shops
11.08,debit,Groceries
59.99,debit,Credit Card Payment
425,debit,Rent
5500,debit,Investment
11,debit,Life Insurance
10000,credit,Freelance
0.17,credit,Transfer
0.13,credit,Transfer
5500,credit,Deposit
5500,debit,Investments
4.25,debit,Fast Food
14.49,debit,Gas & Fuel
7.95,debit,Fast Food
2.92,debit,Coffee Shops
4.24,debit,Food & Dining
2.92,debit,Coffee Shops
59.99,credit,Credit Card Payment
8.44,debit,Groceries
2.92,debit,Coffee Shops
2.87,debit,Restaurants
3.92,debit,Coffee Shops
19.84,debit,Groceries
129.26,credit,Income
24.17,debit,Groceries
12.1,debit,Groceries
9.5,debit,Alcohol & Bars
8.5,debit,Alcohol & Bars
2.75,debit,Restaurants
9.25,debit,Groceries
76.78,debit,Groceries
12,debit,Alcohol & Bars
9.7,debit,Fast Food
2.92,debit,Coffee Shops
89,debit,Fees & Charges
1490.44,credit,Paycheck
2.92,debit,Coffee Shops
2.92,debit,Coffee Shops
9,debit,Restaurants
2.87,debit,Coffee Shops
28.64,debit,Utilities
2.92,debit,Coffee Shops
0.21,credit,Interest Income
121.59,debit,Utilities
28,debit,Groceries
236,debit,Hotel
2.87,debit,Coffee Shops
2.87,debit,Coffee Shops
23.34,debit,Groceries
19.32,debit,Gas & Fuel
2.5,debit,Restaurants
21.33,debit,Groceries
11.19,debit,Restaurants
22.39,debit,Restaurants
2.92,debit,Coffee Shops
8,debit,Restaurants
10.86,debit,Coffee Shops
2.35,debit,Parking
6.95,debit,Bank Fee
6.95,credit,Bank Fee
15.33,debit,Restaurants
2.87,debit,Coffee Shops
21.19,debit,Shipping
15.3,debit,Groceries
14.06,debit,Restaurants
25,credit,Transfer
815,credit,Hide from Budgets & Trends
4.35,debit,Shipping
2.87,debit,Coffee Shops
3.86,debit,Home Improvement
2.92,debit,Coffee Shops
18.46,debit,Shopping
33.88,debit,Groceries
17.7,debit,Fast Food
2.92,debit,Coffee Shops
2.92,debit,Coffee Shops
59.99,debit,Internet
2.92,debit,Coffee Shops
10,debit,Fast Food
2.87,debit,Coffee Shops
1490.45,credit,Paycheck
2.92,debit,Coffee Shops
4.5,debit,Business Services
10.86,debit,Coffee Shops
19.94,debit,Groceries
1550.44,debit,Credit Card Payment
1550.44,credit,Credit Card Payment
20,debit,Web hosting
43.47,debit,Mobile Phone
49.72,debit,Groceries
2.92,debit,Coffee Shops
9.92,debit,Restaurants
10.7,debit,Fast Food
12.42,debit,Restaurants
1.52,debit,Parking
0.83,debit,Groceries
10.24,debit,Pharmacy
850,debit,Rent
59.99,debit,Credit Card Payment
11,debit,Life Insurance
8,debit,Fast Food
2.75,debit,Restaurants
59.99,credit,Credit Card Payment
38.34,debit,Groceries
3.06,debit,Fast Food
23.09,debit,Gas & Fuel
50.84,debit,Restaurants
6.67,debit,Fast Food
4.51,debit,Fast Food
1490.45,credit,Paycheck
5.62,debit,Coffee Shops
20.5,debit,Fees & Charges
10.86,debit,Coffee Shops
815,debit,Hide from Budgets & Trends
31.45,debit,Utilities
12,debit,Restaurants
5,debit,Movies & DVDs
11.94,debit,Groceries
139.21,debit,Hobbies
8.03,debit,Restaurants
5.95,debit,Food & Dining
44.7,debit,Groceries
10.71,debit,Groceries
5.59,debit,Coffee Shops
16.93,debit,Restaurants
5.62,debit,Coffee Shops
0.19,credit,Interest Income
78.48,debit,Utilities
2.34,debit,Coffee Shops
6.95,credit,Bank Fee
6.95,debit,Bank Fee
9,debit,Restaurants
66.82,debit,Restaurants
5.85,debit,Fast Food
5.74,debit,Coffee Shops
2.07,debit,Coffee Shops
49.13,debit,Hair
19.88,debit,Restaurants
2.92,debit,Coffee Shops
59.99,debit,Internet
7.89,debit,Groceries
1490.45,credit,Paycheck
11.96,debit,Restaurants
30.71,debit,Groceries
1664.45,debit,Credit Card Payment
120,debit,Cash & ATM
62.46,debit,Groceries
13.02,debit,Pharmacy
1664.45,credit,Credit Card Payment
43.47,debit,Mobile Phone
30.45,debit,Groceries
37.51,debit,Groceries
123.7,debit,Groceries
6.56,debit,Coffee Shops
12.47,debit,Groceries
2.92,debit,Coffee Shops
3.92,debit,Coffee Shops
26.9,debit,Restaurants
800,credit,Credit Card Payment
3.92,debit,Coffee Shops
11.1,debit,Restaurants
10.86,debit,Coffee Shops
2.87,debit,Coffee Shops
22.83,debit,Groceries
2.87,debit,Coffee Shops
11,debit,Life Insurance
11.5,debit,Alcohol & Bars
8.69,debit,Fast Food
106.49,debit,Credit Card Payment
2.92,debit,Coffee Shops
40.64,debit,Groceries
0.42,debit,Pharmacy
106.49,credit,Credit Card Payment
235.68,debit,Clothing
31.1,debit,Restaurants
87.66,debit,Clothing
2.14,debit,Coffee Shops
17.65,debit,Food & Dining
4.78,debit,Groceries
8,debit,Fast Food
2.92,debit,Coffee Shops
9,debit,Movies & DVDs
10,debit,Fast Food
844.96,debit,Hide from Budgets & Trends
6.23,debit,Coffee Shops
11.1,debit,Restaurants
61.81,credit,Income
10.86,debit,Coffee Shops
1490.44,credit,Paycheck
5.92,debit,Shopping
4.31,debit,Coffee Shops
10.31,debit,Groceries
32.19,debit,Groceries
11.28,debit,Shopping
48.41,debit,Groceries
23.58,debit,Restaurants
13.04,debit,Coffee Shops
13.18,debit,Groceries
9.22,debit,Movies & DVDs
6.39,debit,Coffee Shops
22.9,debit,Alcohol & Bars
2.92,debit,Coffee Shops
74.19,debit,Restaurants
21,debit,Restaurants
5.62,debit,Coffee Shops
2.87,debit,Coffee Shops
3.06,debit,Gas & Fuel
24.73,debit,Gas & Fuel
31.7,debit,Utilities
11.1,debit,Restaurants
3.92,debit,Coffee Shops
15,debit,Fast Food
11.96,debit,Coffee Shops
2731.87,debit,Transfer
0.29,credit,Interest Income
2731.87,credit,Transfer
23.91,debit,Utilities
4.96,debit,Groceries
2.7,debit,Coffee Shops
8.74,debit,Restaurants
24.35,debit,Groceries
29.5,debit,Groceries
2.3,debit,Shopping
9.84,debit,Restaurants
3,debit,Pharmacy
4.79,debit,Groceries
6.95,debit,Bank Fee
6.95,credit,Bank Fee
9.7,debit,Charity
29.85,debit,Restaurants
781.58,credit,Income
6.17,debit,Coffee Shops
11.1,debit,Restaurants
11.96,debit,Coffee Shops
10,debit,Fast Food
59.99,debit,Internet
2.67,credit,Home Improvement
5.23,debit,Groceries
33.6,debit,Groceries
7.16,debit,Groceries
3.14,debit,Groceries
11.96,debit,Restaurants
15.29,debit,Restaurants
11.96,debit,Coffee Shops
100,debit,Cash & ATM
1490.45,credit,Paycheck
11.96,debit,Coffee Shops
43.47,debit,Mobile Phone
1998.57,debit,Credit Card Payment
1.63,debit,Movies & DVDs
6.31,debit,Groceries
9.26,debit,Restaurants
1998.57,credit,Credit Card Payment
6.24,debit,Home Improvement
7.95,debit,Shopping
9.77,debit,Furnishings
9.68,debit,Restaurants
194.51,debit,Furnishings
11.87,debit,Restaurants
4008,credit,Freelance
12.12,debit,Fast Food
3.84,debit,Coffee Shops
31.27,debit,Shopping
44.43,debit,Shopping
2.31,debit,Coffee Shops
46.09,debit,Groceries
1.86,debit,Fast Food
3.46,debit,Groceries
4.27,debit,Fast Food
51.34,debit,Home Services
39.99,debit,Credit Card Payment
11,debit,Life Insurance
22.46,debit,Shopping
1.61,debit,Shopping
10,debit,Personal Care
2.31,debit,Coffee Shops
39.99,credit,Credit Card Payment
12.76,debit,Restaurants
13.95,debit,Groceries
6.56,debit,Coffee Shops
5.4,debit,Home Improvement
30.32,debit,Groceries
5.35,debit,Coffee Shops
2.92,debit,Coffee Shops
13,debit,Restaurants
425,debit,Rent
2.7,debit,Coffee Shops
65.3,debit,Gym
10.86,debit,Coffee Shops
2.92,debit,Coffee Shops
46.5,debit,Business Services
3.31,debit,Coffee Shops
10.85,debit,Movies & DVDs
13.97,debit,Home Improvement
197.01,debit,Hobbies
6,debit,Fast Food
17.69,debit,Gas & Fuel
54.74,debit,Clothing
31.49,debit,Food & Dining
1490.45,credit,Paycheck
6,debit,Coffee Shops
22.51,debit,Groceries
2.7,debit,Coffee Shops
2.5,debit,Restaurants
1.25,debit,Parking
10,debit,Fast Food
30,debit,Hair
2.92,debit,Coffee Shops
4.84,debit,Coffee Shops
40.37,debit,Utilities
78,debit,Check
6.4,debit,Coffee Shops
7.34,debit,Gas & Fuel
8,debit,Restaurants
8.85,debit,Groceries
0.32,credit,Interest Income
0.01,credit,Interest Income
23.27,debit,Utilities
26.26,debit,Shopping
27.3,debit,Shopping
27,debit,Shopping
11.96,debit,Coffee Shops
6.98,debit,Shopping
2.92,debit,Coffee Shops
3.5,debit,Food & Dining
4.88,debit,Fast Food
13.51,debit,Sporting Goods
53.82,debit,Groceries
26.75,debit,Restaurants
36.74,debit,Alcohol & Bars
15.97,debit,Restaurants
6.95,credit,Bank Fee
6.95,debit,Bank Fee
5.05,debit,Coffee Shops
11.96,debit,Coffee Shops
11.76,debit,Hobbies
32.71,debit,Groceries
10.83,debit,Groceries
33.97,debit,Groceries
11.42,debit,Food & Dining
206.71,credit,Income
0.25,debit,Parking
4.96,debit,Restaurants
3.7,debit,Coffee Shops
31.22,debit,Hobbies
9.55,debit,Fast Food
5.26,debit,Furnishings
62.13,debit,Groceries
19.53,debit,Lawn & Garden
19.04,debit,Fast Food
14.37,debit,Entertainment
23.65,debit,Restaurants
23.93,debit,Coffee Shops
59.99,debit,Internet
1490.45,credit,Paycheck
4.89,debit,Movies & DVDs
16.94,debit,Shopping
321,debit,Check
11.1,debit,Restaurants
1375.51,debit,Credit Card Payment
10.99,debit,Restaurants
337,debit,Auto Insurance
43.47,debit,Mobile Phone
1.25,debit,Parking
36.91,debit,Shopping
1375.51,credit,Credit Card Payment
3.77,debit,Shopping
6.14,debit,Shopping
60.08,debit,Groceries
42.7,debit,Groceries
1.58,debit,Groceries
13.67,debit,Utilities
13.62,debit,Movies & DVDs
24.09,debit,Restaurants
2.1,debit,Parking
475.24,debit,Electronics & Software
11.1,debit,Restaurants
26.53,debit,Groceries
11,debit,Life Insurance
94.88,debit,Credit Card Payment
11.96,debit,Coffee Shops
14.08,debit,Groceries
94.88,credit,Credit Card Payment
10,debit,Doctor
11.96,debit,Coffee Shops
50,debit,Transfer
450,debit,Rent
4.87,debit,Alcohol & Bars
9.74,debit,Alcohol & Bars
4,debit,Groceries
18.12,debit,Groceries
26.51,debit,Restaurants
65.3,debit,Gym
21.23,debit,Restaurants
11.84,debit,Restaurants
1490.44,credit,Paycheck
19.7,debit,Public Transportation
80.44,debit,Hotel
63.4,debit,Utilities
70.61,debit,Cash Withdrawel
2.5,debit,ATM Fee
5.05,debit,Personal Care
2.5,debit,ATM Fee
2.11,debit,Personal Care
168.73,debit,Cash Withdrawel
11.35,debit,Coffee Shops
10.71,debit,Food & Dining
2.6,debit,Coffee Shops
6.48,debit,Alcohol & Bars
40,debit,Cash Withdrawel
24.28,debit,Utilities
8.16,debit,Business Services
11.1,debit,Restaurants
0.28,credit,Interest Income
9.26,debit,Groceries
5.43,debit,Coffee Shops
9,debit,Restaurants
21.51,debit,Pharmacy
11.96,debit,Coffee Shops
2.72,debit,Coffee Shops
6.95,credit,Bank Fee
6.95,debit,Bank Fee
43.81,debit,Clothing
10.96,credit,Clothing
45.72,debit,Sporting Goods
2.3,debit,Shopping
6.58,debit,Groceries
35.71,debit,Shopping
8.05,debit,Restaurants
27.16,debit,Furnishings
3.23,debit,Restaurants
19.01,debit,Pharmacy
11.96,debit,Coffee Shops
25.21,debit,Groceries
1415,debit,Federal Tax
71.98,debit,Taxes
65.63,debit,Shopping
39.99,debit,Internet
11.1,debit,Restaurants
2.83,debit,Parking
8.59,debit,Coffee Shops
11.96,debit,Coffee Shops
2215.28,debit,Credit Card Payment
40,debit,Cash Withdrawel
1490.45,credit,Paycheck
1,debit,Coffee Shops
3.7,debit,Coffee Shops
26.55,debit,Groceries
0.9,debit,Sporting Goods
44.14,debit,Groceries
2.09,debit,Coffee Shops
19.73,debit,Personal Care
10.28,debit,Restaurants
19.87,debit,Gas & Fuel
75,debit,Personal Care
127.6,debit,Misc Expenses
14.24,debit,Furnishings
11.96,debit,Coffee Shops
2215.28,credit,Credit Card Payment
27.15,debit,Groceries
10.99,debit,Restaurants
11.96,debit,Coffee Shops
11,debit,Life Insurance
11.96,debit,Coffee Shops
39.99,debit,Credit Card Payment
6.05,debit,Restaurants
7,debit,Parking
20.61,debit,Groceries
10.45,debit,Groceries
75,debit,Personal Care
11.42,debit,Food & Dining
39.99,credit,Credit Card Payment
77.12,debit,Restaurants
425,debit,Rent
11.96,debit,Coffee Shops
50,debit,Transfer
11.96,debit,Coffee Shops
19.67,debit,Restaurants
4.38,debit,Groceries
65.3,debit,Gym
1.5,debit,Misc Expenses
21.24,credit,Shopping
4.98,debit,Groceries
13.12,debit,Fast Food
1490.45,credit,Paycheck
29.99,debit,Groceries
40.65,debit,Groceries
6.25,debit,Groceries
3.95,debit,Restaurants
12.55,debit,Fast Food
9,debit,Alcohol & Bars
27,debit,Restaurants
2.31,debit,Coffee Shops
8.59,debit,Coffee Shops
10,debit,Doctor
88.68,debit,Utilities
25.53,debit,Restaurants
15,debit,Alcohol & Bars
0.28,credit,Interest Income
29.54,debit,Utilities
11.96,debit,Coffee Shops
12.96,debit,Coffee Shops
6.95,credit,Bank Fee
6.95,debit,Bank Fee
148,credit,Income
3,debit,Restaurants
17,debit,Restaurants
6.96,debit,Shopping
2.12,debit,Sporting Goods
77.98,debit,Groceries
26.04,debit,Restaurants
1.75,debit,Parking
19.53,debit,Lawn & Garden
25.09,debit,Restaurants
3.31,debit,Coffee Shops
15.34,debit,Restaurants
4.93,debit,Restaurants
11.2,debit,Gas & Fuel
90.85,debit,Shopping
2.72,debit,Coffee Shops
30,debit,Health & Fitness
22.2,debit,Restaurants
2.31,debit,Coffee Shops
20,debit,Alcohol & Bars
12.12,debit,Alcohol & Bars
20.98,debit,Home Services
3.52,debit,Shopping
15000,debit,Hide from Budgets & Trends
11.96,debit,Coffee Shops
39.99,debit,Internet
36.17,debit,Personal Care
15.16,debit,Lawn & Garden
33.14,debit,Groceries
19.24,debit,Groceries
2.46,debit,Coffee Shops
16.29,debit,Furnishings
23.19,debit,Restaurants
10.08,debit,Food & Dining
1.5,debit,Parking
7.33,debit,Fast Food
2326.56,debit,Credit Card Payment
1490.45,credit,Paycheck
1,debit,Parking
11.91,debit,Restaurants
24.82,debit,Coffee Shops
2326.56,credit,Credit Card Payment
405.53,debit,Eyecare
11.1,debit,Restaurants
12.16,debit,Groceries
3,debit,Parking
2.72,debit,Coffee Shops
377.99,debit,Credit Card Payment
425,debit,Rent
11,debit,Life Insurance
11.96,debit,Coffee Shops
27.95,debit,Groceries
2.34,debit,Coffee Shops
6.39,debit,Hobbies
15.76,debit,Gas & Fuel
299.9,debit,Furnishings
30,debit,Pharmacy
63.26,debit,Groceries
13.04,debit,Coffee Shops
2.87,debit,Coffee Shops
2.06,debit,Coffee Shops
20.73,debit,Restaurants
121.03,debit,Restaurants
2.17,debit,Coffee Shops
9.5,debit,Restaurants
2.34,debit,Coffee Shops
2.87,debit,Coffee Shops
9,debit,Business Services
377.99,credit,Credit Card Payment
2.31,debit,Coffee Shops
10,debit,Doctor
4.78,debit,Coffee Shops
2.39,debit,Coffee Shops
17.59,debit,Entertainment
50,debit,Transfer
1.11,debit,Shopping
2.34,debit,Coffee Shops
2.39,debit,Coffee Shops
2.18,debit,Uncategorized
8.59,debit,Coffee Shops
12.42,debit,Food & Dining
24.08,debit,Groceries
3.92,debit,Coffee Shops
5.31,debit,Coffee Shops
3281.6,debit,Hide from Budgets & Trends
10.96,debit,Coffee Shops
65.3,debit,Gym
11.9,debit,Groceries
2.34,debit,Coffee Shops
2.34,debit,Coffee Shops
7.66,debit,Shopping
11.28,debit,Shopping
16.9,debit,Groceries
27.89,debit,Fast Food
2.75,debit,Hotel
2.71,debit,Gas & Fuel
12.86,debit,Fast Food
10.24,debit,Pharmacy
8.84,debit,Restaurants
61.64,debit,Groceries
2.34,debit,Coffee Shops
1490.44,credit,Paycheck
12.01,debit,Restaurants
6,debit,Restaurants
0.44,debit,Parking
5.33,debit,Coffee Shops
11.1,debit,Restaurants
10,debit,Movies & DVDs
1,debit,Parking
16.08,debit,Restaurants
0.35,credit,Interest Income
99.93,debit,Utilities
2.34,debit,Coffee Shops
4.67,debit,Coffee Shops
36,debit,Utilities
4.91,debit,Coffee Shops
9,debit,Restaurants
2.01,debit,Groceries
2.34,debit,Coffee Shops
1.5,debit,Parking
6.95,credit,Bank Fee
6.95,debit,Bank Fee
4.02,debit,Coffee Shops
15.27,debit,Shopping
34.08,debit,Groceries
8.99,debit,Entertainment
4.11,debit,Coffee Shops
50.75,debit,Auto & Transport
5.89,debit,Coffee Shops
12.96,debit,Coffee Shops
16.01,debit,Gas & Fuel
68.78,debit,Groceries
2.34,debit,Coffee Shops
1.87,debit,Gym
2.31,debit,Coffee Shops
2.72,debit,Coffee Shops
10,debit,Doctor
11.98,debit,Coffee Shops
2.34,debit,Coffee Shops
2.31,debit,Coffee Shops
11.1,debit,Restaurants
12.84,debit,Restaurants
2.34,debit,Coffee Shops
2.34,debit,Coffee Shops
10,debit,Doctor
2.34,debit,Coffee Shops
15.72,debit,Coffee Shops
7.67,debit,Coffee Shops
2.12,debit,Coffee Shops
3.42,debit,Coffee Shops
31.89,debit,Groceries
23.19,debit,Restaurants
2.34,debit,Coffee Shops
2.34,debit,Coffee Shops
39.99,debit,Internet
3.7,debit,Coffee Shops
4.52,debit,Coffee Shops
28.89,debit,Groceries
13,debit,Food & Dining
10,debit,Doctor
1490.45,credit,Paycheck
11.1,debit,Restaurants
2.46,debit,Coffee Shops
9.92,debit,Coffee Shops
24.1,debit,Pet Food & Supplies
2.46,debit,Coffee Shops
10.96,debit,Coffee Shops
4.52,debit,Groceries
2724.14,debit,Credit Card Payment
2724.14,credit,Credit Card Payment
2.34,debit,Coffee Shops
2.72,debit,Coffee Shops
850,debit,Rent
4.34,debit,Coffee Shops
4.55,debit,Pharmacy
264.33,debit,Sporting Goods
5.78,debit,Groceries
87.46,credit,Credit Card Payment
2.01,debit,Coffee Shops
2.46,debit,Coffee Shops
24,debit,Service & Parts
10.96,debit,Coffee Shops
63.06,debit,Restaurants
1.5,debit,Parking
2.46,debit,Coffee Shops
9.8,debit,Pharmacy
11,debit,Life Insurance
39.99,debit,Credit Card Payment
22.75,debit,Restaurants
68,debit,Eyecare
2.46,debit,Coffee Shops
10,debit,Doctor
1.75,debit,Parking
5.05,debit,Coffee Shops
2.31,debit,Coffee Shops
12.96,debit,Coffee Shops
19.54,debit,Home Improvement
39.99,credit,Credit Card Payment
751.8,credit,Income
13.29,debit,Fast Food
5.33,debit,Coffee Shops
2.34,debit,Coffee Shops
50,debit,Transfer
27.9,debit,Groceries
16.71,debit,Groceries
92.52,debit,Groceries
4.43,debit,Fast Food
12.59,debit,Shopping
5.34,debit,Gas & Fuel
65.3,debit,Gym
5.33,debit,Coffee Shops
2.06,debit,Coffee Shops
1488.99,credit,Paycheck
2.39,debit,Coffee Shops
10.96,debit,Coffee Shops
384.72,debit,Furnishings
2.99,debit,Coffee Shops
5.05,debit,Coffee Shops
10.96,debit,Coffee Shops
11.12,debit,Groceries
25,debit,Personal Care
2.31,debit,Coffee Shops
4.91,debit,Coffee Shops
10,debit,Doctor
8.44,debit,Groceries
120.28,debit,Clothing
210.66,debit,Clothing
80.46,debit,Utilities
3.53,debit,Groceries
10.61,debit,Groceries
137,debit,Hotel
13.5,debit,Restaurants
35.82,debit,Groceries
2.34,debit,Coffee Shops
45,debit,Hotel
0.28,credit,Interest Income
30.15,debit,Utilities
80,debit,Entertainment
15,debit,Restaurants
3.31,debit,Coffee Shops
1,debit,Parking
2.34,debit,Coffee Shops
80,debit,Cash & ATM
10.06,debit,Restaurants
2.72,debit,Coffee Shops
65.53,debit,Hobbies
35,debit,Hotel
121,debit,Hotel
6.95,credit,Bank Fee
6.95,debit,Bank Fee
98,debit,Air Travel
98,debit,Air Travel
6,debit,Coffee Shops
4.55,debit,Pharmacy
2.31,debit,Pharmacy
34.79,debit,Electronics & Software
16.39,debit,Restaurants
10,debit,Doctor
5.05,debit,Coffee Shops
1.48,debit,Pharmacy
14.12,debit,Restaurants
4.91,debit,Coffee Shops
8,debit,Restaurants
27.63,debit,Groceries
2.31,debit,Coffee Shops
11.86,debit,Coffee Shops
2.31,debit,Coffee Shops
10,debit,Doctor
64.78,credit,Income
2.46,debit,Coffee Shops
1.87,debit,Gym
39.99,debit,Internet
25.72,debit,Business Services
5.17,debit,Coffee Shops
1.38,debit,Coffee Shops
9.78,debit,Fast Food
8988.99,credit,Bonus
17.41,debit,Gas & Fuel
2.34,debit,Coffee Shops
2069.37,debit,Credit Card Payment
2.92,debit,Coffee Shops
48.13,debit,Groceries
51.52,debit,Gift
16.13,debit,Pharmacy
10.86,debit,Groceries
2.17,debit,Fast Food
18.99,debit,Movies & DVDs
15.98,debit,Groceries
12.49,debit,Restaurants
2069.37,credit,Credit Card Payment
5.33,debit,Coffee Shops
8.2,debit,Groceries
13.07,debit,Restaurants
27,debit,Travel
2.31,debit,Coffee Shops
2.92,debit,Coffee Shops
2.75,debit,Coffee Shops
19.72,debit,Restaurants
10,debit,Doctor
10.3,debit,Coffee Shops
11,debit,Life Insurance
37.29,debit,Groceries
2.72,debit,Coffee Shops
22.2,debit,Restaurants
12,debit,Restaurants
2.34,debit,Coffee Shops
35.5,debit,Alcohol & Bars
425,debit,Rent
27.05,debit,Groceries
5.33,debit,Coffee Shops
39.99,debit,Credit Card Payment
6.89,debit,Coffee Shops
5.35,debit,Coffee Shops
20.93,debit,Groceries
39.99,credit,Credit Card Payment
21.99,debit,Restaurants
9,debit,Uncategorized
2.39,debit,Coffee Shops
18.53,debit,Books & Supplies
2.31,debit,Coffee Shops
11.97,debit,Shopping
10,debit,Doctor
50,debit,Transfer
2.92,debit,Coffee Shops
5.33,debit,Coffee Shops
11.1,debit,Restaurants
1488.98,credit,Paycheck
99,debit,Electronics & Software
2.92,debit,Coffee Shops
20.02,debit,Restaurants
69.98,debit,Gym
14.66,debit,Pharmacy
2.34,debit,Coffee Shops
4.82,debit,Restaurants
5.33,debit,Coffee Shops
10.3,debit,Coffee Shops
60,debit,Cash & ATM
3.18,debit,Coffee Shops
52.86,debit,Groceries
81.37,debit,Gift
15.73,debit,Gas & Fuel
13.63,debit,Coffee Shops
20,debit,Alcohol & Bars
11.1,debit,Restaurants
2.01,debit,Gas & Fuel
18.01,debit,Gas & Fuel
5.33,debit,Coffee Shops
0.3,credit,Interest Income
58.61,debit,Utilities
7.59,debit,Coffee Shops
10,debit,Doctor
5.72,debit,Coffee Shops
1.67,debit,Groceries
6.45,debit,Coffee Shops
27,debit,Shopping
2.34,debit,Coffee Shops
7.5,debit,Alcohol & Bars
2.34,debit,Coffee Shops
30.95,debit,Utilities
6.95,credit,Bank Fee
2123.91,credit,Freelance
6.95,debit,Bank Fee
51.5,debit,Shopping
3.92,debit,Coffee Shops
35.77,debit,Home Improvement
28.37,debit,Groceries
10.85,debit,Furnishings
3.19,debit,Sporting Goods
1258.67,debit,Furnishings
11.93,debit,Furnishings
6.57,debit,Furnishings
2.92,debit,Coffee Shops
20,debit,Service & Parts
32.77,debit,Restaurants
10.26,debit,Fast Food
5.33,debit,Coffee Shops
13.14,debit,Groceries
34.65,debit,Entertainment
8.25,debit,Food & Dining
2.75,debit,Coffee Shops
6.5,debit,Alcohol & Bars
8,debit,Restaurants
12.12,debit,Alcohol & Bars
9.59,debit,Coffee Shops
8.44,debit,Groceries
11.01,debit,Restaurants
425,debit,Rent
7.29,debit,Fast Food
39.99,debit,Internet
3.32,debit,Gas & Fuel
2.34,debit,Coffee Shops
4.43,debit,Fast Food
1899.99,credit,Paycheck
16.24,debit,Restaurants
10,debit,Doctor
15.6,debit,Business Services
26.42,debit,Groceries
207.61,debit,Taxes
2.31,debit,Coffee Shops
5.09,debit,Business Services
3.53,debit,Restaurants
19.74,debit,Hair
1515.74,debit,Credit Card Payment
1515.74,credit,Credit Card Payment
41.2,debit,Groceries
18.68,debit,Rental Car & Taxi
24.9,debit,Furnishings
2.48,debit,Coffee Shops
2.48,debit,Coffee Shops
11.25,debit,Shopping
17.76,debit,Food & Dining
8.5,debit,Restaurants
35.52,debit,Groceries
26.46,debit,Gas & Fuel
12.26,debit,Fast Food
33.53,debit,Restaurants
5.59,debit,Groceries
4.67,debit,Coffee Shops
1,debit,Parking
19,debit,Restaurants
41.16,debit,Restaurants
26.2,debit,Restaurants
13.07,debit,Restaurants
39.99,debit,Credit Card Payment
11,debit,Life Insurance
1.62,debit,Coffee Shops
7.05,debit,Coffee Shops
39.99,credit,Credit Card Payment
11.1,debit,Restaurants
3.06,debit,Restaurants
4.79,debit,Coffee Shops
65.3,debit,Gym
14.18,debit,Groceries
14.06,debit,Restaurants
106.31,debit,Service & Parts
50,debit,Transfer
10.65,debit,Groceries
2.46,debit,Coffee Shops
117.78,debit,Rental Car & Taxi
22,debit,Alcohol & Bars
14.28,debit,Restaurants
6.56,debit,Rental Car & Taxi
13.14,debit,Restaurants
2.92,debit,Coffee Shops
10.17,debit,Coffee Shops
21.48,debit,Gas & Fuel
10.05,debit,Restaurants
1.76,debit,Parking
9,debit,Restaurants
31.56,debit,Restaurants
1488.99,credit,Paycheck
2.39,debit,Coffee Shops
2.92,debit,Coffee Shops
98.98,debit,Air Travel
21.23,debit,Groceries
10,debit,Doctor
34.49,debit,Utilities
10.85,debit,Furnishings
2.87,debit,Coffee Shops
15.74,debit,Misc Expenses
9.16,debit,Business Services
15.17,debit,Restaurants
18.76,debit,Groceries
0.32,credit,Interest Income
2.92,debit,Coffee Shops
16,debit,Restaurants
9.5,debit,Alcohol & Bars
12.12,debit,Fast Food
2.19,debit,Groceries
38.2,debit,Restaurants
5,debit,Alcohol & Bars
175.31,debit,Clothing
30,debit,Hair
301,debit,Auto Insurance
2.34,debit,Coffee Shops
12.51,debit,Restaurants
18.73,debit,Groceries
6.95,credit,Bank Fee
6.95,debit,Bank Fee
30.95,debit,Utilities
11.1,debit,Restaurants
2.34,debit,Coffee Shops
7.59,debit,Coffee Shops
3.75,debit,Coffee Shops
31.36,debit,Restaurants
86.14,debit,Groceries
5.32,debit,Coffee Shops
57.44,debit,Restaurants
44.95,debit,Entertainment
2.83,debit,Parking
39.99,debit,Internet
29.96,debit,Groceries
12,debit,Gym
40.62,debit,Restaurants
2.34,debit,Coffee Shops
2.34,debit,Coffee Shops
12.76,debit,Restaurants
1488.99,credit,Paycheck
22.84,debit,Food & Dining
16.52,debit,Entertainment
1685.28,debit,Credit Card Payment
68.37,credit,Income
119.21,debit,Auto Insurance
12.65,debit,Fast Food
4.79,debit,Coffee Shops
9,debit,Restaurants
13.08,debit,Groceries
10,debit,Pharmacy
1685.28,credit,Credit Card Payment
4,debit,Personal Care
2.92,debit,Coffee Shops
29.34,debit,Coffee Shops
11.9,debit,Groceries
22.84,debit,Food & Dining
6.09,debit,Food & Dining
2.92,debit,Coffee Shops
7.5,debit,Restaurants
32.63,debit,Restaurants
5.4,debit,Coffee Shops
7.01,debit,Coffee Shops
6.52,debit,Restaurants
21.56,debit,Restaurants
23.56,debit,Groceries
5.89,debit,Restaurants
4.85,debit,Coffee Shops
11,debit,Life Insurance
39.99,debit,Credit Card Payment
0.5,debit,Parking
9.34,debit,Restaurants
39.99,credit,Credit Card Payment
425,debit,Rent
50,debit,Transfer
50.2,debit,Groceries
4.37,debit,Pharmacy
15.22,debit,Books & Supplies
22.74,debit,Food & Dining
2.39,debit,Coffee Shops
72.8,debit,Gym
27.53,debit,Groceries
47.17,debit,Groceries
21.19,debit,Groceries
30.25,debit,Restaurants
12.48,debit,Restaurants
16.66,debit,Groceries
1488.98,credit,Paycheck
4,debit,Alcohol & Bars
4.89,debit,Restaurants
12.56,debit,Restaurants
4.5,debit,Alcohol & Bars
9.8,debit,Shipping
29.23,debit,Utilities
200.05,debit,Furnishings
9,debit,Restaurants
2.34,debit,Coffee Shops
2.39,debit,Coffee Shops
4.1,debit,Fast Food
4.65,debit,Fast Food
3.24,debit,Fast Food
4.67,debit,Coffee Shops
2.34,debit,Coffee Shops
30,debit,Hair
0.3,credit,Interest Income
9.91,debit,Groceries
7.01,debit,Coffee Shops
2.39,debit,Coffee Shops
67.53,debit,Utilities
2.34,debit,Coffee Shops
26.77,debit,Groceries
6.95,credit,Bank Fee
6.95,debit,Bank Fee
17.43,debit,Books & Supplies
81.66,credit,Income
33.95,debit,Shopping
9.18,debit,Restaurants
10.13,debit,Groceries
2.92,debit,Coffee Shops
1.92,debit,Shopping
35.32,debit,Restaurants
47.58,debit,Groceries
32.87,debit,Furnishings
9.78,debit,Groceries
12.75,debit,Restaurants
1.03,debit,Finance Charge
10.25,debit,Travel
12.24,debit,Restaurants
18.71,debit,Restaurants
8.38,debit,Restaurants
62.43,debit,Business Services
20.7,debit,Restaurants
7.8,debit,Restaurants
39.99,debit,Internet
1488.99,credit,Paycheck
9.8,debit,Misc Expenses
1924.78,debit,Credit Card Payment
10,debit,Service Fee
1924.78,credit,Credit Card Payment
119.21,debit,Auto Insurance
171.36,debit,Cash & ATM
11,debit,Life Insurance
425,debit,Rent
10,debit,Service Fee
1130.23,debit,Credit Card Payment
139.72,debit,Misc Expenses
7.78,debit,Travel
7.28,debit,Travel
10,debit,Service Fee
20.7,debit,Business Services
13.98,debit,Furnishings
11.46,debit,Travel
111.8,debit,Cash & ATM
1130.23,credit,Credit Card Payment
13.32,debit,Restaurants
10.18,debit,Business Services
10.09,debit,Cash & ATM
16.29,debit,Cash & ATM
9.08,debit,Restaurants
5,debit,Groceries
50,debit,Transfer
123.3,credit,Income
60,debit,Cash & ATM
5,debit,Groceries
24.5,debit,Charity
6.58,debit,Coffee Shops
11.1,debit,Restaurants
65.3,debit,Gym
11.05,debit,Restaurants
14.17,debit,Restaurants
20.68,debit,Restaurants
16.25,debit,Food & Dining
1488.99,credit,Paycheck
8.41,debit,Groceries
5.23,debit,Coffee Shops
123.3,debit,Service & Parts
2.12,debit,Coffee Shops
13,debit,Movies & DVDs
18.4,debit,Groceries
76.63,debit,Clothing
2.72,debit,Coffee Shops
2.87,debit,Coffee Shops
13,debit,Amusement
5.12,debit,Coffee Shops
16.18,debit,Restaurants
7,debit,Groceries
29.31,debit,Utilities
9.79,debit,Groceries
92.66,debit,Clothing
2.81,debit,Coffee Shops
2.87,debit,Coffee Shops
2.34,debit,Coffee Shops
0.33,credit,Interest Income
2.87,debit,Coffee Shops
51.7,debit,Gym
12,debit,Alcohol & Bars
94.03,debit,Utilities
58.35,debit,Furnishings
2.12,debit,Coffee Shops
44.1,debit,Groceries
6,debit,Personal Care
7.5,debit,Personal Care
19.66,debit,Restaurants
19,debit,Personal Care
8.68,debit,Groceries
12.11,debit,Restaurants
3.1,debit,Coffee Shops
6.95,credit,Bank Fee
6.95,debit,Bank Fee
26,debit,Personal Care
4.62,debit,Coffee Shops
38.72,debit,Electronics & Software
2.61,debit,Coffee Shops
7.15,debit,Coffee Shops
2.08,debit,Groceries
178.24,credit,Income
20.66,debit,Home Improvement
2.61,debit,Coffee Shops
38.04,debit,Gift
2.61,debit,Coffee Shops
13.12,debit,Fast Food
1.87,debit,Gym
13,debit,Groceries
4.84,debit,Coffee Shops
18.25,debit,Fast Food
11.9,debit,Home Improvement
1305.27,debit,Hide from Budgets & Trends
42.31,debit,Groceries
9.62,debit,Coffee Shops
39.99,debit,Internet
2.61,debit,Coffee Shops
1.5,debit,Auto & Transport
12.9,debit,Coffee Shops
11.51,debit,Gas & Fuel
1488.99,credit,Paycheck
39.25,debit,Hair
13.1,debit,Restaurants
2.61,debit,Coffee Shops
5.55,debit,Groceries
43.2,debit,Restaurants
40.54,debit,Groceries
2.61,debit,Coffee Shops
6.45,debit,Restaurants
4.62,debit,Financial Advisor
150.48,debit,Gym
119.21,debit,Auto Insurance
12.1,debit,Home Services
8.71,debit,Coffee Shops
3,debit,Shopping
30.91,debit,Groceries
25.11,debit,Groceries
14.32,debit,Fast Food
2.97,debit,Coffee Shops
12,debit,Restaurants
0.5,debit,Uncategorized
425,debit,Rent
15,debit,Auto & Transport
9.77,debit,Groceries
13.11,debit,Restaurants
2.61,debit,Coffee Shops
1419.86,credit,Hide from Budgets & Trends
1320.63,debit,Credit Card Payment
11,debit,Life Insurance
4.84,debit,Coffee Shops
1320.63,credit,Credit Card Payment
8,debit,Food & Dining
84.88,debit,Gym
24.89,debit,Gas & Fuel
36.85,debit,Groceries
13,debit,Restaurants
50,debit,Transfer
34.45,debit,Bank Fee
32.1,debit,Home Supplies
1.38,debit,Gas & Fuel
21.39,debit,Clothing
53.49,debit,Clothing
35.31,debit,Clothing
10,debit,Groceries
72.33,debit,Restaurants
13.11,debit,Restaurants
16.45,debit,Fast Food
4.73,debit,Coffee Shops
30.17,debit,Utilities
343,debit,State Tax
1488.98,credit,Paycheck
12.96,debit,Fast Food
2.61,debit,Coffee Shops
19.1,debit,Groceries
1013,debit,Hide from Budgets & Trends
11.96,debit,Restaurants
4.73,debit,Coffee Shops
10,debit,Service Fee
9.78,debit,Restaurants
41.32,debit,Groceries
22.5,debit,Transfer for Cash Spending
10.5,debit,Restaurants
14.68,debit,Coffee Shops
7.69,debit,Fast Food
2.41,debit,Coffee Shops
49.57,debit,Restaurants
78.52,debit,Utilities
14.02,debit,Restaurants
4.24,debit,Coffee Shops
0.3,credit,Interest Income
7.36,debit,Coffee Shops
11.1,debit,Restaurants
10.47,debit,Home Improvement
31.32,debit,Home Improvement
6.95,credit,Bank Fee
6.95,debit,Bank Fee
10.32,debit,Restaurants
1419.86,debit,Hide from Budgets & Trends
2.17,debit,Coffee Shops
20.77,debit,Restaurants
43.66,debit,Furnishings
30.37,debit,Groceries
2.44,debit,Coffee Shops
70.66,debit,Restaurants
11.2,debit,Fast Food
39.99,debit,Internet
2.12,debit,Coffee Shops
27.01,debit,Gas & Fuel
1.87,debit,Gym
6.52,debit,Groceries
400,debit,Gifts & Donations
2.64,debit,Coffee Shops
7.15,debit,Coffee Shops
47.05,debit,Groceries
1488.99,credit,Paycheck
15.19,credit,Groceries
2.41,debit,Coffee Shops
18.3,debit,Groceries
97.12,credit,Income
119.21,debit,Auto Insurance
8.65,debit,Groceries
15,debit,Restaurants
8.6,debit,Groceries
6.41,debit,Misc Expenses
9.35,debit,Fast Food
8.88,debit,Restaurants
2.12,debit,Coffee Shops
21.03,debit,Restaurants
11.44,debit,Restaurants
19.86,debit,Misc Expenses
32.85,debit,Groceries
2.41,debit,Coffee Shops
11,debit,Life Insurance
12.11,debit,Restaurants
100,debit,Cash & ATM
1665.29,debit,Credit Card Payment
1665.29,credit,Credit Card Payment
26.83,debit,Gas & Fuel
22.03,debit,Restaurants
16.48,debit,Movies & DVDs
425,debit,Rent
16.61,debit,Groceries
19.74,debit,Hair
154.5,debit,Gym
11.82,debit,Food & Dining
4.69,debit,Furnishings
4.24,debit,Coffee Shops
8.44,debit,Groceries
47.66,debit,Groceries
10,debit,Doctor
29.46,debit,Fast Food
2.12,debit,Coffee Shops
5,debit,Coffee Shops
1488.99,credit,Paycheck
4.24,debit,Coffee Shops
16,debit,Alcohol & Bars
32.83,debit,Utilities
5.38,debit,Coffee Shops
79.58,debit,Restaurants
12,debit,Fast Food
61.4,debit,Utilities
40.62,debit,Groceries
8,debit,Personal Care
0.28,credit,Interest Income
14.43,debit,Groceries
21.42,debit,Furnishings
2.12,debit,Coffee Shops
3.33,debit,Home Improvement
3.78,debit,Restaurants
31.64,debit,Shopping
74.28,debit,Groceries
4.77,debit,Groceries
2.17,debit,Coffee Shops
11.81,debit,Food & Dining
6.95,debit,Bank Fee
6.95,credit,Bank Fee
10,debit,Auto & Transport
5.12,debit,Coffee Shops
164.91,debit,Gym
27.43,debit,Groceries
11.1,debit,Restaurants
2.12,debit,Coffee Shops
21.57,debit,Restaurants
1488.99,credit,Paycheck
1.86,debit,Financial Advisor
39.99,debit,Internet
13.11,debit,Restaurants
2.95,debit,ATM Fee
60,debit,Cash & ATM
2.5,debit,ATM Fee
36.88,debit,Check
15,debit,Furnishings
29.34,debit,Groceries
34.02,debit,Groceries
9.19,debit,Coffee Shops
57,debit,Transfer for Cash Spending
7,debit,Food & Dining
2.12,debit,Coffee Shops
30,debit,Personal Care
119.21,debit,Auto Insurance
8.88,debit,Restaurants
2.12,debit,Coffee Shops
50,debit,Hotel
39.77,debit,Groceries
2.12,debit,Coffee Shops
1811.82,debit,Hide from Budgets & Trends
11,debit,Life Insurance
123,debit,Hotel
13.47,debit,Entertainment
2.37,debit,Groceries
12.29,debit,Food & Dining
34.91,debit,Groceries
122.21,debit,Home Improvement
40.19,debit,Service & Parts
4.78,debit,Coffee Shops
82.33,debit,Furnishings
19,debit,Restaurants
40.56,debit,Restaurants
1811.82,credit,Credit Card Payment
12.11,debit,Restaurants
7.15,debit,Coffee Shops
19.99,debit,Amusement
9.48,debit,Restaurants
10,debit,Doctor
36.89,debit,Groceries
20,debit,Pharmacy
84.88,debit,Gym
425,debit,Rent
42.67,debit,Groceries
28.03,debit,Groceries
5.71,debit,Coffee Shops
3.18,debit,Furnishings
4.31,debit,Home Improvement
16.84,debit,Groceries
2.54,debit,Coffee Shops
7,debit,Restaurants
44.39,debit,Groceries
1488.98,credit,Paycheck
14.17,debit,Restaurants
11.1,debit,Restaurants
99.99,debit,Shopping
29.49,debit,Utilities
28.33,debit,Restaurants
0.33,credit,Interest Income
21.59,debit,Utilities
12.69,debit,Shopping
7.32,debit,Groceries
43.83,debit,Furnishings
54.62,debit,Groceries
38.3,debit,Clothing
24.28,debit,Entertainment
12.09,debit,Groceries
24.58,debit,Groceries
2.41,debit,Coffee Shops
34.3,debit,Groceries
11.09,debit,Fast Food
6.95,debit,Bank Fee
6.95,credit,Bank Fee
7.06,debit,Fast Food
7.19,debit,Fast Food
5,debit,Movies & DVDs
13.11,debit,Restaurants
27.98,debit,Gym
741.38,credit,Income
33.41,debit,Groceries
17.89,debit,Restaurants
39.99,debit,Internet
8.64,debit,Restaurants
18.62,debit,Furnishings
9,debit,Movies & DVDs
6.84,debit,Restaurants
6.24,debit,Restaurants
12.62,debit,Groceries
11.39,debit,Restaurants
1553.77,credit,Paycheck
14.71,debit,Restaurants
119.21,debit,Auto Insurance
8.14,debit,Pharmacy
66.24,debit,Groceries
27.98,debit,Food & Dining
26.61,debit,Gas & Fuel
21.7,debit,Lawn & Garden
5.55,debit,Groceries
26.14,debit,Restaurants
1128.73,debit,Hide from Budgets & Trends
11,debit,Life Insurance
18.78,debit,Pharmacy
10.53,debit,Groceries
1128.73,credit,Credit Card Payment
850,debit,Rent
21.56,debit,Groceries
28.3,debit,Groceries
9.77,debit,Groceries
302,debit,Hotel
9.68,debit,Restaurants
14.25,debit,Groceries
8.23,debit,Restaurants
83.01,debit,Gym
17.95,debit,Restaurants
6.43,debit,Coffee Shops
279.35,debit,Clothing
1488.99,credit,Paycheck
6.99,debit,Shopping
10.96,debit,Groceries
2.41,debit,Coffee Shops
38.75,debit,Utilities
66.32,debit,Restaurants
7.64,debit,Shopping
279.35,debit,Clothing
3.84,debit,Groceries
16.09,debit,Gas & Fuel
21.91,debit,Furnishings
279.35,credit,Clothing
21.41,debit,Groceries
17.06,debit,Shopping
14.38,debit,Entertainment
5.26,debit,Groceries
47.78,debit,Groceries
7.15,debit,Coffee Shops
28.15,debit,Home Services
18.93,debit,Utilities
200.7,debit,Mobile Phone
0.3,credit,Interest Income
20.33,debit,Groceries
6.95,debit,Bank Fee
6.95,credit,Bank Fee
22.28,debit,Restaurants
20.43,debit,Gas & Fuel
18.58,debit,Personal Care
17.44,debit,Groceries
22.79,debit,Lawn & Garden
4.41,debit,Coffee Shops
65,debit,Personal Care
8.4,debit,Groceries
1.87,debit,Gym